17도씨,3778,홍대입구,4.6,0.413043478
1977김치찌개,8,양천향교,0,0
1인자감자탕,396,독산,0,0
25T,4216,강남구청,4.1,0.1
25카츠,2279,가산디지털단지,3.1,4
2대수짬뽕,147,진위,0,12345
3대육개장,2,명학,0,12345
3일소고기국밥지행점,None,지행,0,0
3호선차이나,217,홍제,0,3
448돈까스,338,철산,0,0
519브런치룸,197,백석,3.8,1
55닭갈비,477,마들,0,1
59년옛날통닭,3,녹번,0,0
59년왕십리포차,23,수서,0,0.333333333
5월19일,7608,부평구청,3.3,3
60계,2397,명학,0,0
79네수육국밥과철판,250,서정리,0,0
7MILE,70448,명학,0,0
BBQ치킨,6758,창신,0,12345
Begin195,1046,화서,0,12345
BHC치킨,32998,화랑대,3.2,0.666666667
BREAD850,840,중화,0,12345
Cafe1253,38,도봉,0,0
DOMA,265811,매봉,4.3,0
E9선생,12,노원,4,0
glt젤라또,3332,홍대입구,4.6,0.32
HUGA,5182,구파발,0,1.5
Index,145352,건대입구,4.2,0
LAB41,887,군자,4.2,0.166666667
MACKAY,160149,양평,0,0
Mr왕,None,봉화산,0,1.5
Mssg,2559,월곡,3.1,1
RAPL,6975,고속터미널,4.6,0.173913043
the숯불닭,13,강남구청,4,0.458333333
가격파괴범,156,주안,0,0
가라사대,2177,제물포,0,0.5
가락골마산아구찜,332,논현,4.3,0
가마솥밥집,107,경찰병원,3.9,0.3125
가메골손왕만두,365,소요산,0,1
가배미혼,1084,회현,4.1,0.444444444
가빈커피로스터스,429,쌍문,4,0.166666667
가야밀면,34358,낙성대,4.2,0.5
가양칼국수버섯매운탕,326,대화,0,1.5
가인채,3341,샛강,4.3,0.381578947
가일,4755,굽은다리,0,1
가장맛있는족발,53420,몽촌토성,4.1,0.235294118
가장맛있는족발족과의동침,53421,보라매,0,0
가재골수제비,307,월계,0,12345
가정,113873,수락산,0,0
가정경양,1312,신목동,3.3,0.222222222
가조쿠식당,455,한양대,4,0.25
가츠시,1117,어린이대공원,4,0.5
가토드보야주,3015,논현,4.6,0.142857143
가티,3197,신사,4.5,0.272
갈릭차이나,306,아산,0,1
갈비명가이상,602,길음,2.7,8
갈비씨,5823,역곡,3.3,3
갈스시,1798,마포,4.1,0.36
감성다방,2560,어린이대공원,4.5,0.185185185
감초식당,1472,제기동,0,0.5
갓파스시,14110,구로디지털단지,3.4,1.333333333
갓플레이스,282,인덕원,0,0.5
강강술래,14602,수락산,3.8,0.375
강남,7494917,금천구청,0,1
강동호치민,646,당산,3.4,0.714285714
강릉송정해변막국수,351,강동,0,0.5
강릉엄지네꼬막집,373,남한산성입구,0,0
강산촌,57,발산,3.7,1.5
강서복집,131,산성,0,0
강쇠네,488,등촌,0,0
강용구족발보쌈,52,뚝섬유원지,4,0
강원토종삼계탕,711,불광,0,12345
강정구의피자생각,2429,송내,4.3,0.142857143
강촌원조쭈꾸미,403,행당,0,0
강촌유미숯불닭갈비,15,양재,3.8,0.4
개미식당,2123,봉명,0,1
개봉칼국수,136,동작,0,0
개성손만두,2693,개봉,3.3,1.5
개성칡냉면,67,양평,0,0
개화식당,242,일원,0,0.5
갤러리로얄,1886,평택,0,0
갬성식당,670,학동,3.9,0.555555556
갯마을회전문점,None,먹골,0,0
갱상도갱양식,2338,양천향교,0,2
거목정육식당,28,성신여대입구,4.3,0.181818182
거북곱창,3836,잠원,4,0.333333333
건강담은,653,주안,0,0
겐조스시,909,범계,3.8,1
겐지,17807,회룡,0,0
겐텐,3212,상수,4.6,0.304347826
겟썸커피,49989,의정부,3.4,2
견블리,273,잠실,4.3,0.333333333
결돈부리,788,신길,0,0
경,17118,건대입구,4.4,0.233333333
경기떡집,1899,남성,0,0
경기회수산,6,망원,4.5,0.095238095
경마장오리집,16,화서,0,1
경미양꼬치,54,경마공원,0,0
경복궁,639237,용마산,0,1
경원궁,844,창동,3.5,0.2
경천애인,4572,정왕,0,12345
경춘선춘천숯불닭갈비,None,선릉,4.5,0.244680851
경포,35643,의왕,0,0
계림원,14435,산성,0,1
계열사치킨,1417,신대방삼거리,0,0
계절밥상,108281,상동,3.2,1.5
고갯마루집,156,용산,3.3,0.8
고고스커피,248,올림픽공원,3.3,0.636363636
고구려,16296,역삼,4.3,0.246376812
고구려삼계탕,167,개봉,0,2
고기사냥,284,사평,3.1,1.5
고기사랑,103517,덕계,0,12345
고기선수촌,3,도화,0,12345
고기익는마을,1332,신흥,0,0
고기촌수라상,4,수진,0,0
고기튀김전문집,2,용두,0,12345
고니스,2644,용두,0,1
고래고래,16913,당고개,0,1
고래돈가스,23,동묘앞,0,0
고래라멘,473,뚝섬,4.1,0.766666667
고른햇살,1867,수진,0,0
고릴라,33404,고려대,3.8,0.636363636
고메브레드,300,부천시청,4.3,0.142857143
고물,4098,안암,4.4,0.340277778
고봉민김밥인,1055,충정로,3.2,2.5
고성막국수,1503,여의나루,3.7,0.8
고수찜닭,3570,압구정,4.3,0
고씨네,11595,장한평,3.2,1
고양이똥,5662,방화,3.9,0.571428571
고양이똥2,1361,외대앞,3.9,0.538461538
고을래,398,염창,3.1,1.25
고종의아침,598,등촌,4.1,0.125
고창국수,33,증미,4,0.111111111
고향냉면,44,신정네거리,0,0
고향마을,640,남부터미널,4,0.333333333
고향산천,1067,남구로,0,0.5
고향양꼬치,1731,동인천,0,12345
고향칼국수,648,마들,0,12345
곤드레쌈밥집,103,오금,0,1
곤지암백간난소머리국밥,None,미아,0,12345
골든핸즈라운지,1601,건대입구,4.2,0
골목떡볶이,2825,삼송,0,12345
골목스푼,241,신금호,0,6
골목집,8457,신창,0,12345
곰바위,2650,월드컵경기장,4.1,0
곰스키친,121,문정,3.5,1.4
곰포차,2769,홍제,0,0
곱,10422,군포,0,0
곱창의전설,2976,반월,0,12345
공개정원,7335,등촌,0,0
공릉우동집,36,봉은사,4.1,0.6
공복,49989,언주,3.6,1
공사하우스,1799,남부터미널,4.4,0.210526316
공항닭발,595,잠실새내,3.9,0.285714286
공항떡집,1,노량진,3.8,0.285714286
공항칼국수,3596,부천,3.9,1
관악감자탕,14,공릉,3.9,0.3
관악식당,4,상월곡,4,0.111111111
광나루순대,49,월곡,4,0.111111111
광명만두,850,송내,0,1
광산떡볶이,5,송정,0,0
광어2마리스,29,공항시장,0,12345
광장민속촌,40,송정,3.4,1.083333333
광주똑순이,149,관악,0,0
광주식당,3262,과천,0,12345
광화문오향족발,25,광나루,3.4,1
괜찮은꼬치집,66,두정,4.1,0.3
교대이층집,8163,신이문,0,0
교동전선생,5043,부개,0,0
교토참치,370,개봉,0,0
구로곱창,3342,발산,3.9,1
구르메우동,255,청량리,3.4,0.375
구름공방,5544,광화문,4.6,0.333333333
구름산원주추어탕,57,경복궁,4.6,0.333333333
구법원,155,동인천,0,0
구복만두,5595,종각,4.4,0.114285714
구삼이,333,교대,4.2,0.179775281
구수옥,828,산본,3.4,0.25
구스토타코,2022,일원,0,0
구은몽,1,구로디지털단지,3.6,0.454545455
구이박사,133,단대오거리,3.7,0.75
구찌라쿠,19,신방화,0,1
국대떡볶이,14401,남구로,0,0
국미당,353,노원,4.3,0.333333333
국민반점,463,숙대입구,4.4,0.4
국수가좋아,433,남구로,0,0
국수나무,39061,서동탄,0,0
국수찾아닭만리,1197,상수,4.4,0.495145631
국수파동,655,상월곡,0,1
국시집,10428,봉명,0,1
국제족발,148,수서,0,0
국화,89547,천왕,0,2
군계일닭,562,양재,4,0.2
군계폐계닭,811,새절,0,0
군산아구산꽃게,254,신당,3.8,0.222222222
군산오징어,18738,창신,0,12345
군원,212,아산,0,0
군포농장보신정,None,종로3가,4.4,0
군포떡집,21,성균관대,4.1,0.1
군포식당,249,한성대입구,3.8,0.555555556
굴다리식당,3275,백운,0,12345
굽네치킨,119935,이촌,4.1,0.5
굿데이서울,992,애오개,0,12345
굿애프터눈,6836,평택,3.9,0.25
궁나라냉면묵밥,9,신답,0,0.25
궁중명가,1,마장,0,0.25
궤도에오르다,2658,금정,0,1
귀복루주가,16,마두,3.9,0.333333333
귀일만두,615,대야미,0,12345
귀족족발,719,군포,0,12345
귀품찬,1400,군포,0,0.5
규스커피,26,공덕,3.7,1
규스홈,362,녹양,0,0
그남자의덮밥,956,노들,0,0
그녀의돈까스,267,신반포,0,1
그때그집,3963,창신,0,12345
그램그램,56286,마들,0,12345
그런밤,7654,어린이대공원,4.4,0.380952381
그런커피,2243,대림,0,0
그레인제빵소,381,금호,3.4,0.4
그리고옹심이메밀칼국수,None,교대,4.2,0.157894737
그리지하우스,2282,수유,4.1,0.166666667
그리츠,1483,마곡,0,0
그리핀바,1519,사당,4.3,0.166666667
그린고메,239,뚝섬유원지,3.2,2
그릿커피랩,301,평택,0,1
그집순대국,300,강남구청,3.9,0.166666667
그집쭈꾸미,5923,서정리,0,12345
금강산숯불갈비,39,노들,0,0
금강수림,531,노들,3.8,0.181818182
금대한우도매식당,31,송파,0,0
금락일식,9,망월사,0,0
금바위감자탕,395,석촌,4.3,0.471698113
금봉족발,1,국회의사당,3.7,0.4
금산제면소,3374,동대문,3.9,0.2
금왕돈까스,4482,서초,4.2,0.185185185
금왕평양면옥,604,봉천,0,0
금호불고기,179,보산,0,1
금희네삼겹살,1,천왕,0,1
기꾸,2714,간석,0,2
기다려봄,2486,양재,3.8,0.375
기와스시,222,독산,0,1
기절초풍물닭갈비,383,동두천중앙,0,0
기지개피자,12,가락시장,3.4,1.666666667
기차길옆초밥,278,거여,0,0
기찻길연탄불생고기,584,명동,3.7,0.5
긴자,120794,양천향교,0,1
길목,4119,방이,3.7,0.714285714
김경자소문난대구왕뽈찜,676,신금호,0,0.333333333
김네집,4838,녹천,0,0
김돼지네,7,동작,4.2,0.405405405
김떡배,128,부천,3.3,0.4
김떡비,243,화곡,3.2,1.333333333
김명자굴국밥전문점,26,가능,0,0
김명태,194,명학,0,12345
김민철수제족발,445,신용산,3.7,0.75
김밥과스파게티,76,당산,3.7,0.583333333
김병진베이커리,106,산본,3.4,0.230769231
김선생,31541,청담,4.2,0.125
김영모과자점,11352,양주,0,12345
김영섭초밥,1791,송탄,4,0.1875
김용기과자점,128,송탄,3.6,0.5
김정수할머니보쌈막국수,8,덕계,0,0
김제한우,1144,덕계,0,12345
김창일스시,677,구일,0,0
김판조닭강정,None,국회의사당,3.8,0.666666667
깃대봉냉면,1495,광명사거리,0,0
까이식당,891,삼송,0,1
까치네,2516,인덕원,3.7,0.75
까페메르시,64,아차산,4,0.285714286
까페이레,41,신흥,0,1
깍뚝,714,강남구청,4,0.5
깐부치킨,54586,도곡,4.6,0.377777778
깐쪼네,26,신반포,4.5,0.45
깔꾸리정육식당,17,월드컵경기장,3.9,0.375
깔리,4647,송정,0,0
깡통닭갈비,1264,까치울,3.7,0.666666667
깡통돌곱창,4243,고잔,0,12345
깡통만두,4566,낙성대,3.8,0.3125
꺼먹돼지,2161,잠실새내,3.9,1.4
꼬꼬아찌,124134,창신,3.4,2.5
꼬뜨블렁쉬,675,이대,4.5,0.297297297
꼬맹이김밥,124,숙대입구,3.3,2.5
꼬메노,2181,춘의,0,0
꼬주막,1672,신답,0,0
꼬치굽는브라더,499,어린이대공원,4.3,0
꼼떼바베큐,406,고덕,0,4
꼼장군,1763,강동,0,2
꽁당보리밥,1710,길동,0,2
꽁떼,2498,신목동,0,2
꽃다방,8715,수서,0,1
꾸러기분식,476,증미,0,0
꿀꾸랄라,245,충정로,0,0.333333333
꿀맛식당,14757,행당,0,0
꿈꾸는다락방,15057,충정로,0,0
끼아로젤라떼리아,647,병점,0,0
끽다점,399,혜화,4.4,0.348837209
낀알로이알로이,563,사당,4.2,0
나그네파전,1176,신림,4.1,0.4
나나,131717,의정부,4.2,0.375
나나캄,43,안국,4.4,0.318681319
나누미떡볶이,2723,덕계,0,12345
나두밥,13,뚝섬유원지,3.2,3
나랑,82320,원흥,0,0
나마스테,8521,직산,0,12345
나무자전거,644,건대입구,4.5,0.230769231
나미,27644,신림,4,0
나우니스,833,지행,0,0
나이트티,965,마곡나루,0,0
나인온스버거,3487,잠실새내,3.9,0.5
나정순할매쭈꾸미,5895,배방,0,0.5
나폴레옹과자점,2763,굴포천,0,3
낙산고을,None,이태원,4.5,0.285714286
낙산냉면,3904,뚝섬유원지,3.1,0.666666667
낙원궁중떡집,None,명일,0,2
낙원떡방앗간,10,노량진,4,0.25
낙원복떡집,None,한성대입구,3.8,0.5625
낙원타코,6967,역곡,3.2,1.25
낙지먹자,13,서대문,3.8,0.083333333
낙지방,32,주안,0,0
난봉꾼,5932,봉천,3.8,0.454545455
난이네곱창,245,고려대,4.4,0.166666667
남경관,13,대청,0,0
남경막국수,2227,일원,0,0
남경반점,130,선유도,3.7,0.2
남고집,4243,혜화,4.4,0.457142857
남궁,None,신답,0,0
남대문임금님표꿀타래,None,평택,0,0
남부식당,756,동묘앞,0,0
남원골추어탕,472,구산,0,12345
남포면옥,4343,광나루,0,1
남해바다마차,2484,마곡나루,0,0
낭만부대찌개,378,성균관대,4.1,0
낮것상칼국수,51,서울대입구,4.4,0.418032787
내고향가마솥,32,제기동,4.3,0.106382979
내고향왕만두,63,한성대입구,3.9,0.6
내사랑족발,1060,대치,3.5,0.954545455
내친구고양이카페,41,신목동,3.4,0.636363636
넉넉한사람들,15,종합운동장,3.7,0.884615385
넓은공간,1560,창신,0,12345
네네치킨,107154,동묘앞,3.7,1.083333333
노가리깔까,9,신반포,0,0
노걸대감자탕가마삼겹,36,대야미,0,12345
노량진길거리베트남쌀국수,None,오이도,0,12345
노렌,6317,신논현,4.4,0.3
노말키친,1108,대공원,0,12345
노멀커피,2037,봉화산,0,2
노비아에노비오,1163,도림천,0,12345
노비어노라이프,1077,길음,0,0
노아베이커리,6114,오이도,0,12345
노원목고기집,27,잠실새내,3.9,0.52
노천드럼통,2227,학여울,0,0
녹기전에,3711,신림,3.7,0.111111111
녹동뻘낙지,246,대화,3,2
녹번꼼장어,339,신이문,0,12345
논골장마담집,6,인덕원,0,0
논두렁갈비,6,구의,3.4,0.333333333
논밭골,360,학동,3.6,0.375
논현김밥,1,석계,0,0
논현손칼국수,259,구로디지털단지,4,0.363636364
논현장어,1043,성균관대,3.7,0.375
놀란치킨,1015,경마공원,0,12345
놀부보쌈,8174,광흥창,0,12345
놀부부대찌개,20067,마들,0,12345
농민백암순대,1630,사가정,0,0
농민백암왕순대,606,덕정,0,0
농부의꿈,848,소요산,0,12345
농이마을,None,광흥창,0,12345
농장이야기,504,마장,0,12345
농협안심한우,767,공항시장,0,1
누들박스,8277,신방화,0,1
누들아한타이,479,상계,0,0
뉴욕베이커리,306,영등포구청,0,12345
뉴욕스키친,507,노량진,3.8,0.5
뉴욕택시디저트,395,양천향교,0,1
뉴질랜드스토리,7765,쌍문,3.9,0.222222222
뉴타지마할,47,부평구청,3.3,1
느티나무,16138,굴포천,3.3,1
늘보리,477,도곡,3.9,0.807692308
늘푸른식당,326,압구정,4.6,0.2
늘푸른집,32,노원,4.1,0
능라도,14394,정발산,3.9,0.285714286
능이버섯백숙,6583,종로3가,4.4,0.173913043
니뽕내뽕,73576,청구,4.1,0
니엔테,2478,녹번,0,2
닌자초밥,7061,산성,0,1
닐리,7244,숭실대입구,3.7,0.666666667
다과상사,2394,봉천,3.4,0.5
다낭월남쌈,60,선바위,0,12345
다다복,563,언주,4.1,0.090909091
다랑손칼국수,3,논현,4.2,0.166666667
다래현,15,성수,3.6,0.75
다로베,1891,명학,0,12345
다루,4978,고덕,0,12345
다루다,740,선릉,4.7,0.166666667
다리원,853,강남,4.7,0.130434783
다모아,1482,방이,3.9,0.571428571
다빈치벡터파크,242,신이문,0,0
다슬이네,2604,염창,0,1
다시열린하얀집,347,고덕,0,2
다시오는순대국,None,서울,3.4,0.2
다시올치킨,217,월곡,0,0
다우홈,None,방학,0,0
다원국수,156,송탄,0,0
다이꼬지,1987,서울대입구,4.4,0.2
다이닝살룬,243,석촌,4.7,0.166666667
다정한망각,244,안산,0,12345
다찜,500,초지,0,12345
다채,2596,장승배기,4.2,0
닥터로빈,27265,답십리,3.3,2
단골구함,459,안산,0,12345
단풍애김밥,455,신길온천,0,12345
달달애,678,언주,4.3,0.416666667
달밭소곱창,220,도림천,0,0.25
달의둥지,1804,한양대,3.3,0.75
달인꽈배기,1015,석촌,4.3,0.411764706
달콤슈가,38,창신,0,12345
달콤퐁당,545,행당,3.3,1.333333333
달콤한서랍,809,신목동,3.3,0.4
달콤한순간,727,정부과천청사,0,0
달팽이커피집,113,효창공원앞,3.6,0.333333333
달펍오크그릴플러스펍,28,학여울,0,1
닭강정총각,26,인천,3.9,0.333333333
닭진미강원집,119,올림픽공원,0,0
닭한마리,81323,소요산,0,12345
닭한마리감자탕,396,뚝섬,4.6,0.127659574
닭한마리칼국수,9390,직산,0,0
담다베이커리,1533,청구,0,0
담소,23606,새절,0,0.25
담소사골순대,4792,구로,0,0
담케이크,1031,둔촌동,3.6,0.142857143
당고개아구찜,None,행당,0,0
당도,11826,충무로,4.4,0.285714286
당산옛날곱창,813,까치산,0,0
대가떡집,30,용답,3.8,0.6
대가쭈꾸미,378,직산,0,12345
대게축제,2872,온수,0,12345
대관령감자탕,38,용답,2.9,4
대구원조까미생막창누네서네,None,독산,0,2
대도닭강정,151,새절,0,0.5
대동관,1717,수락산,0,0
대로부속집,5,개봉,0,0.333333333
대림떡집,4,대방,0,0.333333333
대림원조마늘통닭,18,동작,3.2,1.428571429
대명오리,167,오목교,4,0.066666667
대박왕곱창,281,사평,3.2,0.75
대복중화요리,10,응암,0,0
대성각,423,개롱,3.7,0.333333333
대성집,3179,올림픽공원,0,3
대양숯불갈비,42,목동,3.1,2
대왕곱창,1693,하계,2.9,0
대우부대찌개,525,남성,0,0
대원,47704,독립문,3.4,0.8
대원각,328,남한산성입구,0,12345
대원갈비,568,보문,0,0
대원식당,1435,부천시청,3.4,1
대장군돼지부속,None,화랑대,0,0
대청마루,6439,역곡,3.5,0.6
대추나무칼국수,66,잠실나루,3.4,0.333333333
대풍원,140,직산,0,12345
대한곱창,6946,회현,4,0.5
대한닭발1979,1149,태릉입구,3.1,0.666666667
대호갈비,221,신사,4.5,0.147058824
대흥식당,1650,신금호,0,12345
댓짱돈까스,3482,신중동,3.9,0.285714286
더466키친,1125,대방,0,0.333333333
더국물,320,양천향교,0,0.5
더데이지,866,오산,0,0
더두툼생고기,42,당고개,0,12345
더라운지,12940,망원,4.8,0.113207547
더라이브러리,14118,당산,4,0.333333333
더맛있는김밥,37,신길온천,0,12345
더미,3638,지제,0,12345
더미디움,373,돌곶이,0,1
더밸리,130,광나루,0,0.666666667
더버뮤다,9341,독산,0,0.333333333
더베이크하우스,16,도원,0,1
더브라운,9094,마두,3.3,1.666666667
더블랙,3207,독바위,0,12345
더블트러블,22928,관악,0,12345
더비스킷카페,375,대림,0,1
더소야소,71,오산대,0,12345
더스토리지,272,용마산,0,0
더스토리피자,7,성환,0,12345
더스푼,2950,반월,0,1
더식당,16826,독립문,4.4,0.3125
더아이스크림앤모어,138,용두,0,1
더웨스트햄릿,58,문래,3.6,0.333333333
더은교,2800,역삼,4.5,0.307692308
더제이케이키친,1209,직산,0,12345
더제이케이키친박스,1209,샛강,4.1,0.272727273
더족발,1630,개화산,0,12345
더치480,2048,삼송,0,12345
더카페,10309,삼각지,3.7,0.1
더코너키친,2885,부개,0,0
더테이블,23573,아현,0,12345
더파크뷰,26912,신창,0,12345
더플레이스,45680,도림천,0,12345
더플롯커피,742,세류,0,0.333333333
더한스아리아,68,군자,4,0.333333333
더함한우골,346,장한평,3.8,0.75
더핸드,613,종합운동장,0,1
더후라이팬,4496,오산,0,0
더히든키친,1564,방배,3.8,0.444444444
덕일집,57,강변,3.9,0.384615385
덕정갈비,3,부천,3.9,0.142857143
덕화원,665,이대,4.4,0.346938776
던모스,1614,상일동,0,0
덩어리,14171,동대문,3.7,0.421052632
데브짱,785,동대입구,4.6,0.24137931
데블스도어,55027,서정리,0,0
데일리로스트커피,1580,종각,4.7,0.086956522
데일리파크,678,광화문,4.7,0.086956522
델리하노이,10,고잔,0,0
도깨비곱창,147,도봉산,0,0
도네누,7028,녹사평,4.4,0.411764706
도담바지락칼국수,11,봉은사,4.3,0
도동집,4814,대치,3.6,0.75
도레도레,194666,발산,3.7,0.333333333
도르리,859,강남,4.4,0.419117647
도리연닭도리탕,608,신논현,4.4,0.419117647
도림,5947,금천구청,0,12345
도미노피자,208384,부평구청,0,0
도봉산갈비,157,굴포천,0,0
도봉산양고기,275,용답,0,1
도셰프,2748,성환,0,12345
도원,11224,서대문,4.2,0
도일로60.15,None,산본,3.4,0.428571429
도일처,645,정발산,4.4,0.310344828
도치피자,11714,낙성대,4.6,0.326732673
도쿄등심,55365,청담,3.8,0.833333333
도쿄등심블루,22,문래,3.7,0.2
도쿄식당,3601,가양,0,0
도쿄야네,183,회룡,0,0
도쿄팡야,21505,수리산,0,12345
도쿄하나,6874,옥수,4.4,0.25
도화원,242,고려대,3.5,0.2
독,41451,동대입구,4.6,0.282051282
독도수산,767,장지,3.2,4
독바위바지락칼국수,2,가양,0,0.5
독바위칼국수,30,올림픽공원,0,0.5
독수리다방,3766,영등포구청,0,0.2
독일주택,16990,영등포구청,0,0
독천낙지골,128,충정로,0,1
돈가네곱창,26,부평구청,4.3,0.363636364
돈가래,331,양평,0,0
돈까스갤러리,300,덕정,0,0
돈까스먹는용만이,1447,덕정,0,2
돈까스클럽,20782,태릉입구,0,1
돈돈,77926,화랑대,0,1
돈박,12394,창동,0,0.666666667
돈부리,73460,개롱,0,0.333333333
돈우마루,9,고속터미널,4.2,0.777777778
돈치앤,53,광명,0,12345
돈키,102640,봉화산,0,2.5
돌로미티아이스크림,None,마포구청,4.2,0
동경통닭,939,월드컵경기장,4.2,0
동그라미곱창,403,신반포,4.2,0.090909091
동네스시집,574,금호,0,0
동네아저씨치킨,1899,구일,0,2
동다송,124,목동,2.8,2.666666667
동대닭한마리,395,중화,0,12345
동문각,5,직산,0,0
동방미식성,179,관악,0,12345
동보성,3450,보라매,0,0.2
동북화과왕,1219,구파발,0,2
동빙고,9285,부천시청,3.5,1
동산떡집,None,석수,0,12345
동순원,531,상계,0,0
동신면가,294,을지로입구,4.4,0.1
동원집,4197,관악,0,1
동적불고기,1304,도봉산,0,12345
동천골,70,도봉산,4.3,0
동촌보리밥돈까스,36,논현,4.3,0.384615385
동해해물탕,2893,시청,3.9,0.125
동화마을잔칫날,101,안산,0,0
동흥관,655,신길온천,0,0
돼지미학,534,공항시장,3.9,0.142857143
두끼,74215,동대입구,4.2,0.44
두들커피로스터리,244,선릉,4.5,0.189189189
두만강샤브샤브,500,잠실,4.4,0.277777778
두메골돌솥쌈밥,1,여의도,4.6,0.043478261
두원집,69,평택,0,0.5
두화당,5036,숭실대입구,3.4,1
뒷골면옥,5,구의,3.4,0.375
듁스커피,13721,가양,0,0.333333333
드럼통라갈비,2,영등포시장,0,0
드렁킨타이,2797,청량리,3.2,1.166666667
드레꽃,105,뚝섬유원지,4.1,0
드림독,650,독바위,0,12345
드웰디자인카페,142,덕정,0,1
들깨향장수밀,16,신촌,4.6,0.316666667
들녘,2683,혜화,4.5,0.37254902
들었다놨다참숯불닭갈비,260,오금,0,0
등촌샤브칼국수,6206,덕정,0,0
등촌최월선칼국수,128,한성대입구,4.1,0.111111111
디디치킨,9821,가능,0,1
디어브레드,9142,상계,3.4,1
디어테이블,1695,개봉,0,0
디오디아,2667,중앙,3.1,2
디저트39,46591,한양대,3,2
디저트카페바미,52,독립문,0,1
디퀸즈,4341,중계,4.4,0.178571429
디톡시,1068,일원,0,1
디파스타,429,효창공원앞,0,0.5
딘타이펑,82140,수리산,0,12345
딜런스테이블,145,청량리,4.3,0
딥블루레이크커피,33,등촌,4.1,0
딱좋아,70734,금천구청,0,0.5
딸깍발이,709,낙성대,3.7,0.75
때가이르매,6096,경마공원,0,0
떡고을,176,충무로,4.3,0.153846154
떡볶이랑걸레만두랑,174,창신,0,12345
떡애,None,영등포시장,0,0.25
떼루와,6777,무악재,0,3
또모찌,179,동대문,4.3,0.2
또순이네,4583,이촌,4.5,0.426666667
또순이순대,474,상록수,0,12345
뚜띠쿠치나,5927,성환,0,0
뚜레쥬르,115531,암사,3.3,0.666666667
뚜스뚜스,3834,을지로3가,4.4,0.411764706
뚝배기집,None,쌍문,3.7,0.6
뚱가네수제갈비,48,소요산,0,12345
뚱보꼬치,10,거여,3.4,0.8
뜨락,7455,신흥,0,1
뜨락가든,9,방화,0,0
띵스체인지,312,금천구청,3.8,0.375
띵호와쉐쉐,None,금호,0,1
라고파스타,1792,장지,2.9,4
라구,8801,단대오거리,0,2
라듀레,3608,남영,4,0
라떼플로라,3985,서울대입구,4.5,0.25
라라코스트,90476,역촌,0,0
라망,10819,신정,0,0
라멘모토,5667,남영,4.3,0.307692308
라멘미세,358,선바위,0,1
라멘베라보,3446,상수,4.7,0.119047619
라밥,2733,구산,0,1
라보엠,6505,신중동,4,0.1875
라세느,29076,신반포,3.2,2
라스커피,1063,세마,0,0
라에스키모,7604,원흥,0,0
라온식탁,117,봉천,0,0
라운드테이블,3674,송정,0,1
라이라이,3459,학동,3.9,0.2
라이차이,663,명일,0,0.333333333
라치오,1411,신목동,0,1
라크라센타,6217,도림천,0,1
라페름,21417,병점,0,0
라플랑끄,3041,중곡,3.3,0.285714286
란주천면관,13,증미,4.2,0.210526316
란주칼면,5587,세류,0,12345
램쿡,1073,안암,4.5,0.23255814
램하우스,298,장한평,3.7,0.2
랩트웬티포,1000,양재,4,0.111111111
레드락,52453,먹골,2.9,3
레드브릭,4382,노원,3.8,0.583333333
레드올리브,1137,봉은사,4.1,0.6
레스토랑핫이슈,18,영등포시장,0,1
레시피나인,8447,모란,4,0.285714286
레시피타운,778,고속터미널,4.3,0.923076923
레알라면,748,김포공항,3.2,1.6
레어그루브,1045,양평,0,0
레오네,5757,망원,4.3,0.529411765
레이어드,218704,거여,0,1
로리스더프라임립,5509,숙대입구,3.6,1
로맨틱스탠다드,5906,과천,0,12345
로보쿡,13769,금천구청,3.1,1.5
로빈스커피,206,소사,0,12345
로사우니카,1459,삼산체육관,0,0
로얄인디아,269,소사,0,0
로이스,118091,선유도,3.9,0.722222222
로이스퀸,1383,신림,3.4,1.142857143
로이스타코,815,응암,3.1,6
로이앤벨라,49,광흥창,0,12345
로이즈,8579,가양,3.4,1.666666667
로지스시,724,증미,3.4,1.666666667
록키즈버거,1380,종로3가,4.6,0.301369863
롤링핀,67821,지행,0,0
루나리치,4013,안산,0,0
루다미일식,172,한대앞,0,0
루소랩,4939,녹양,0,12345
루스티크,796,서대문,3.9,0.0625
루엘드파리,7064,백운,0,12345
루틴,17360,오목교,4.1,0.684210526
루프탑바플로팅,133,지행,0,1
루하커피,980,대방,0,3
류지,5639,먹골,0,1
르번미,9924,중앙,3.2,0.8
르빵,9097,화곡,3,2.666666667
르빵프레,1071,화정,2.9,3
르시엘,1189,고려대,3.5,1
르헤브드베베,2256,논현,4.4,0.320754717
리도,3332,군자,3.9,0.666666667
리레케이크,386,망원,4.3,0.509090909
리버벨,5493,신대방,0,3
리북집,19727,수유,3.8,0.181818182
리사르커피로스터스,2116,잠실,4.4,0.294117647
리얼후라이,3525,을지로입구,4.5,0.433962264
리장수,728,쌍문,0,2
리코스퍼블릭,104,동대문,3.9,0.555555556
리틀모모야,53,정부과천청사,4,0.2
리틀사이공,21206,보문,0,0.333333333
리틀크레이지피자,417,보산,0,1
리틀톡스커피,268,송정,3.9,0.25
리틀하노이,1889,문정,3.8,0.45
리화인와플,1256,문래,3.9,0.666666667
린,40130,한강진,4.4,0.42
림벅와플,8437,이태원,4.6,0.222222222
마고미,142,명동,4.1,0.86
마굿간생고기,1264,신사,4.4,0.235294118
마네키,11832,교대,4.2,0
마네키네코,11832,신논현,4.3,0.15
마늘떡볶이,15141,부평,4.2,0.222222222
마다가스카르,7823,금정,0,0
마담밍,2095,한양대,3.6,0.7
마담버터플라이,500,언주,3.6,0.166666667
마더린러베이글,853,모란,3.3,2
마들사철탕,None,개봉,0,1
마렘마트라토리아,157,외대앞,4.1,0.391304348
마로랑,1627,신길,0,0.5
마루국시,396,정발산,4,0.066666667
마루벌돌구이,2171,안국,4.1,0.575757576
마루샤브,6726,봉은사,4.1,0.6
마루심,7040,강남,4.4,0.5125
마르셀,3542,고잔,3.2,1
마리모,31422,천안,3.4,1.75
마마부찌,433,단대오거리,0,1
마마수제만두,368,신흥,0,0
마복림원조할머니집떡볶이,13,정발산,3.9,0.714285714
마성의족발,4,압구정,4.6,0.225
마시&바시,None,학동,3.8,0.25
마실,308816,신중동,3.9,0.555555556
마약고기,1086,회현,3.9,0.333333333
마온,1150,신이문,3.7,0.5
마왕족발,11912,송탄,0,0.25
마일드,6510,동작,3.2,1.666666667
마장감자탕,44,신반포,0,3
마쯔무라돈까스,534,서대문,4.4,0.071428571
마찌야매콤돈까스,19,서초,4.1,0.3125
마초쉐프,43074,남부터미널,4.5,0.233333333
마카나이,5605,한강진,4.4,0.620689655
마켓오,20259,명동,4,0.4
마티스커피,1834,강동구청,3.9,0.25
마포갈비,6325,합정,4.6,0.192307692
마포주먹고기,1895,장지,3.1,1.25
마호가니,27190,잠실,4.3,0.394736842
마호가니커피,6277,석촌,4.5,0.225806452
막걸리담,433,중곡,3.8,0.166666667
막내회집,183,송내,0,0
막줄래국시,426,마곡,3.6,0.333333333
만경식당,258,신설동,4.1,0.25
만나식당,1127,면목,0,0
만나와메추라기,63,서울대입구,4.4,0.407407407
만다복,11596,논현,4.4,0.409090909
만두전빵,191,약수,3.3,0.5
만리장성,24656,숭실대입구,4,0.285714286
만뽀,5105,흑석,4.3,0.132075472
만선,7743,종로3가,4.3,0.066666667
만선호프,6400,방학,0,0
만성양꼬치,2286,홍대입구,4.6,0.333333333
만포막국수,970,김포공항,4.1,0.166666667
만포면옥,1343,구반포,4.3,0.387096774
만푸쿠,14750,군자,4.1,0.181818182
말뚜기족발보쌈,12,구일,0,1
말뚝곱창,4218,이대,4.5,0.285714286
맘마쿡,17,간석,0,12345
맘스케익,13086,숙대입구,3.9,0.222222222
맘스터치,164856,시청,4.2,0.327586207
맛거리,2397,동대문,4.2,0
맛나닭가마솥치킨,175,영등포,4.1,0.166666667
맛나슈퍼,5666,무악재,0,0
맛닭꼬,16295,청구,0,1
맛도야지,8,천안,3.6,0.4
맛이차이나,4756,효창공원앞,3.5,0.583333333
맛짱,30623,선릉,4.5,0.264150943
맛찬들왕소금구이,20214,남부터미널,4.3,0.111111111
망원동내커피,7681,이대,4.4,0.451612903
망향비빔국수,18155,당고개,0,12345
매뉴팩트커피,17835,한강진,4.4,0.449438202
매니멀스모크하우스,4721,두정,0,0
매덕스피자,10110,월계,3.7,1
매드포갈릭,119304,미아,0,0
매울만두하지,257,세마,0,12345
매워도다시한번,135,반포,4.4,0.607142857
매일파스타,274,사평,4.4,0.607142857
매화반점,11835,시청,4.5,0.303571429
맥시칸,4149,군자,3.4,0.6
맹구분식,488,노량진,3.8,0.4375
먹거리집,483,새절,3.7,0.75
먹돌래식당,None,신당,3.5,3.357142857
먹태집,771,독바위,0,12345
메가커피,22574,남영,4,0.333333333
메그엔스튜디오,1352,양천구청,0,1
메리하하,3467,제기동,3.4,0.6
메밀공방,1322,보문,0,0
메밀랑,163,천왕,0,1
메밀이랑면이랑,77,뚝섬유원지,3.7,1
메밀촌,1056,마장,0,0
메이드,765321,창동,4.3,0.227272727
메이로드,985,노원,4.3,0.090909091
메이비,10715,단대오거리,0,0.333333333
메이앤슈가,1450,평촌,3.3,0.888888889
메이탄,2244,청량리,3.5,0.5
메종드루즈,2331,신림,3.8,0.6
메종드케이크,946,명일,0,0
메종드타르트,979,백운,0,12345
메종엠오,13344,영등포,3.9,0.666666667
메차쿠차,2624,영등포,4.1,0.4
메콩싸롱,14,숙대입구,4.3,0
메콩타이,18041,회현,3.9,0.25
메테오커피로스터스,22,양주,0,1
멘동,214,신당,3.5,0.666666667
멘야하나비,13715,마포구청,4,0
멘카야,813,월드컵경기장,4,0
멘타로,620,대야미,0,12345
멜로우시티,1566,인천,4.1,0.827586207
면,80337,행당,0,0
면채반,3425,초지,0,12345
명동곰돌이,246,백석,3.7,1
명동영양센터,146,불광,0,0
명동칼국수샤브샤브,740,을지로3가,4.6,0.259259259
명동피자,17943,신림,3.5,2
명륜건강원,1441,약수,4.2,0.565217391
명봉샤브샤브양꼬치,142,석촌,4.3,0.436781609
명일원조닭발,212,동대입구,4,0.5
명점,279,구로디지털단지,4.2,0.363636364
명조한우정육식당,4,영등포시장,0,2
명태어장,931,보라매,0,1
명품삼계탕,310,오이도,0,12345
명품쌈밥사계절수산물,None,화곡,4.1,0
명품쭈꾸미,51,마천,0,12345
명품철판닭갈비,4,암사,0,1
명품한우축산물식당,2,사가정,0,0.5
명품해물찜칼국수,1,의왕,0,0
명화원,1725,상수,4.5,0.351648352
모구모구,15833,중화,0,0
모꼬지에,4015,철산,3.6,0.3125
모나미카레,12356,발산,3.2,0.6
모녀신떡&미쓰밀떡,None,마포구청,4.4,0
모노에스프레소,537,염창,3.4,0.4
모두와돈까스,6,아차산,3.2,0.833333333
모란각,498,내방,4.1,0.222222222
모란왕족발,973,녹사평,4.4,0.353383459
모리식당,485,이태원,4.5,0.342342342
모먼츠,1546,평촌,3.2,0.75
모메존칼국수,115,용산,3.3,0.5
모모카페,8858,의정부,3.4,0.625
모미락,166,잠원,0,1
모밀애,28,세류,0,12345
모범떡볶이와수제돈까스,140,도봉,0,1
모서리에커피집,964,하계,0,0.111111111
모찌모찌,64813,건대입구,4.2,0.712765957
모티마할,1138,녹천,0,12345
목노집,678,중계,0,0
목바,1870,정왕,0,1
목우촌,3496,구의,3.7,0.4
목천집,528,간석,0,0
목포산꽃게아구찜탕,41,양천향교,0,0
목포식당,1012,우장산,0,0
목포집,10532,망월사,0,12345
목화다방,1267,금호,0,1
몬비엣,1080,화곡,0,0
몰리케이,801,용산,3.3,3.666666667
몰타참치,1573,학여울,0,0
몽샹82,5838,우장산,0,0
몽소,2639,상월곡,0,3
몽슈슈,55745,압구정,4.1,0.415384615
몽중헌,11521,천왕,0,0
무교동북어국집,1311,구로디지털단지,3.3,2.2
무명칼국수,244,백석,4,0.333333333
무삥과팟타이,332,애오개,0,0.5
무삼면옥,411,중계,0,1
무수옥,1545,성신여대입구,4.3,0.255813953
무악해물찜탕,None,중앙,0,0
무진장갈비,38,아차산,4,0
무카이,464,내방,4.6,0.176923077
무한버섯나라,465,강변,3.2,0.333333333
무한장어,2250,독립문,0,0
무해정생국수칼국수,5,고덕,3.1,0.333333333
묵은지사랑,237,정부과천청사,3.3,0.4
묵호수산횟집,None,천안,3.4,0.166666667
문경새재,48966,굴포천,0,0
문래돼지불백,411,숭실대입구,3.5,1
문래약수터,589,석촌,4.3,0.373831776
문배동육칼,4961,오금,0,1
문스타파,502,장지,3.2,2
물뛴다,311,소사,0,0
물향기쌈밥정식,4,신반포,0,2
뭄미,512,구파발,0,0
뭄알로이,6124,을지로입구,4.4,0.285714286
뮤지키사운드,812,교대,4.1,0.307692308
뮤트라운지,1563,명동,4.1,0.4375
미가참숯불갈비,29,먹골,0,2
미나미,13035,성환,0,12345
미네스키친,377,명동,3.8,0.341463415
미니스트리오브커피,37,장지,3.2,4
미니회바,762,혜화,4.5,0.367346939
미래복아구찜,None,건대입구,4.5,0.283018868
미림떡집,None,명일,3.6,0.714285714
미미국수,1987,진위,0,12345
미미네,15609,가양,3.6,0.666666667
미미치킨,398,제물포,0,0
미사리밀빛초계국수,6450,면목,0,0
미소가득,4132,상록수,0,0
미소야,26666,당정,0,0
미스리부자아줌마,305,소요산,0,1
미스사이공,34418,중계,0,12345
미스앤미스터포테이토,568,삼각지,4,0.5625
미스터꼬끼오,8,돌곶이,3.5,2
미스터돈부리,639,송파,3.3,1.692307692
미스터브리즈커피,1082,신용산,3.5,0.666666667
미스터서왕만두,818,남성,3.6,0.2
미스터쉐프포차,520,제물포,0,0
미스터초밥,4695,녹번,0,0
미스터피자,110681,백석,3.8,1.25
미스터회전초밥왕,13,모란,3.5,1.5
미쓰그릴,1597,길동,0,0.5
미엔아이,1333,덕정,0,0
미자카야,5377,온수,0,12345
미주알고주알,543,시청,4.1,0
미즈라,1450,제물포,0,0
미참치,233,주안,0,0
미켈족발집,19,강동,4,0.571428571
믹스앤몰트,3155,어린이대공원,4.4,0.2
민락촌,118,옥수,4.3,0
민속손국시,41,평택,4,0.166666667
민영이네,428,연신내,3.6,0.555555556
민이네식빵,225,한성대입구,3.9,0.272727273
민족의부대찌개,51,학여울,0,12345
민쿡다시마,844,남부터미널,4.1,0.5
민쿡의080부대찌개,179,신답,4,0.375
밀도,17790,마장,4,0.375
밀라노상회,2191,서동탄,0,1
밀러타임,4010,신사,4.3,0.510869565
밀밭칼국수,1216,금호,0,2
밀작,537,상수,4.5,0.272727273
밀탑,38669,선릉,4.6,0.214285714
바나나자매,2585,고속터미널,4.5,0
바나나토크,3084,신대방삼거리,2.9,1.5
바네통,287,압구정,4.2,0.591836735
바니양념치킨,3,몽촌토성,4.4,0.290322581
바니치킨,201,종각,4.6,0.204081633
바닐라클라우드,5004,을지로입구,4.6,0.204081633
바다양푼이동태탕,1162,석계,0,0
바다장어마을,18,낙성대,4.5,0.208333333
바다향기,7972,공덕,3.9,0.285714286
바람부리명태찜,333,도봉,4,0.294117647
바로브레드,5,무악재,0,0
바로전집,193,세마,0,12345
바룩베이커리,37,도림천,0,0
바르다김선생,60376,녹양,0,12345
바른스시,2673,상왕십리,0,0
바른식시골보쌈감자옹심이,218,가능,0,12345
바베네,1822,도봉,0,0
바스버거,9346,원당,0,0
바야흐로,5597,오산,0,0
바오바,52291,공항시장,0,12345
바오쯔,2291,도림천,0,12345
바오차이,1851,남영,4.1,0.375
바울아저씨,6075,공덕,4,0.222222222
바이크빈,276,서대문,4.1,0.571428571
바이트미,1835,오산대,0,12345
바켄,8301,마곡나루,0,0
박가네낙지한마리,39,상수,4.5,0.30952381
박가부대,3786,거여,0,0
박종근과자점,438,고잔,0,1
반궁,2820,신정네거리,0,0
반룡산,1960,이촌,4.1,0
반반국수,3181,용답,0,0.666666667
반짝반짝빛나는,50628,망월사,0,12345
반포치킨,2448,천호,4.1,0.333333333
반피차이,2288,오이도,0,0
발산삼계탕,1475,초지,0,1
발재반점,1892,신당,4.2,0.176470588
발해양꼬치,282,신도림,3.8,1.166666667
밥맛나는세상,700,내방,3.9,0.25
방일해장국,2946,서동탄,0,0
방콕포차,16,직산,0,0
방파제횟집,358,학여울,0,3
배꼽집,5536,우장산,0,2
배꼽한정식,144,서울대입구,4.5,0.181818182
배럴,48512,신설동,0,1
배터리파크,17585,영등포시장,0,12345
백년교동짬뽕,451,삼송,0,12345
백년식당서서갈비,1137,용산,3.3,9
백년옥,3893,아현,0,2
백년화편,1368,이대,4.4,0.333333333
백두산양꼬치구이,9,의왕,0,1
백두한우곱창,2255,두정,0,0
백령면옥,929,쌍용,0,12345
백리향,5825,신정네거리,0,0.5
백미당,192770,삼산체육관,0,1
백부장집닭한마리,370,석촌,4.3,0.090909091
백세장어마을,634,망원,4.4,0.333333333
백스비어,10451,숭실대입구,4,0.4
백제231,148,성수,3.3,0.6
백프로스시베이,333,마두,0,0
백합칼국수,2952,온수,0,0
백화요란골동반,157,혜화,4.6,0.234042553
백화원,152,도봉산,4.1,0
밸런스버거,1438,강변,3.3,0.777777778
뱃머리횟집,600,무악재,0,0
버거톤,1041,사당,4.3,0.083333333
버거파크,4503,평택,0,0
버들국수,350,화정,3.4,0.5625
버섯생불고기개성면옥,None,화정,0,0.2
버터핑거팬케이크,14119,뚝섬,4.4,0.294117647
벌툰,12294,모란,4.2,0.25
벙개막창,1002,아산,0,12345
베나레스,15622,덕정,0,0.166666667
베라피자나폴리,359,공항시장,4.1,0.2
베란다컵케이크,521,신방화,4.1,0.2
베르네닭강정,447,신방화,0,0
베를린크란츠,404,주엽,0,0.5
베리블라썸다이닝,320,부개,0,0
베리스트리트키친,290,군자,3.2,2
베브릿지,4897,성균관대,3.9,0.25
베스코,5429,과천,0,12345
베스타,10459,마천,0,12345
베쌀집,107,강남구청,4.3,0.347826087
베이커리구스토,688,진위,0,12345
베이커리옥토버,252,봉명,0,0
베이컨시,507,공항시장,0,1
베이크치즈타르트,16152,광명사거리,0,1
베키아에누보,16086,신대방,0,1
베트남고향식당,1585,역촌,0,1
베트남쌀국수,102387,보문,4,0
베프상회,393,한양대,2.9,1
벤투라커피로스터스,159,구파발,0,2
벨라튀니지,145,사당,4.5,0
벽제갈비,8080,석촌,4.6,0.280701754
변강성가자미,3,여의도,4.4,0.104166667
변산반도고향집,713,흑석,4.3,0.166666667
별난낙지,370,녹사평,4.6,0.141242938
별난주점,4544,신당,3.9,0.6
별미곱창,8257,을지로3가,4.6,0.107142857
별미칡냉면,700,화서,0,0
별스시,348,화서,0,1
병천토속순대,14,상월곡,0,0
보나카바,6159,도곡,4.3,0.166666667
보니타디카페,2896,화랑대,0,0.25
보들이족발,1011,증미,0,0
보떼가젤라또,923,구반포,4.1,0.2
보리밥,61278,불광,0,2
보리보리,13829,선릉,4.3,0.5
보메비체,2114,충무로,3.7,0.583333333
보물촌꺼먹돼지,339,종각,4.5,0.431818182
보버라운지,44036,구반포,3.6,3
보타이,22802,논현,4.3,0.512820513
복대감,125,발산,4.6,0.181818182
복덕방,7869,광명,0,0
복돼지마을,46,개봉,0,0
복돼지집,289,까치산,0,0.333333333
복성순대국,15,부천종합운동장,0,12345
복성원,611,잠실나루,0,0
본가,52871,양재,4.3,0
본가왕뼈감자탕,200,발산,3.4,2
본가장수촌,929,논현,4.4,0.4
본가한방족발,1,산성,0,2
본가할머니보쌈,37,삼성중앙,4.2,0
본고향맛집,123,명동,4,1.285714286
본누벨과자점,47,경찰병원,0,0.666666667
본설렁탕,1161,춘의,0,1
본연옛날불고기,123,남부터미널,4.5,0.546511628
본죽,65287,둔촌동,4.4,0
본찌돈까스,118,성신여대입구,4.3,0.0625
본차이나,3653,발산,4,0.5
본크레페,1374,제물포,3.5,0.75
본태커피하우스,34,여의나루,3.5,0.5
봇타야산,425,신도림,3.7,0.545454545
봉구비어,160468,종각,4.7,0.107142857
봉덕칼국수,1789,삼산체육관,0,12345
봉된장,464,동인천,0,1
봉밀가,1341,남성,0,0.666666667
봉산옥,549,병점,0,1
봉선마라탕,744,광명,0,1
봉순게장,2728,서초,4.3,0.2
봉쥬비어,19042,석수,0,12345
봉천동진순자김밥,310,한양대,3.8,1
봉추찜닭,47889,상동,0,0
봉평고향메밀촌,164,하계,3.5,0.25
봉평막국수,5268,성신여대입구,4.4,0.1875
봉평메밀마당,273,석계,0,0
봉평메밀막국수,4739,신풍,0,1
봉평메밀막국수전통보리밥,4741,영등포,3.8,0.833333333
봉평이네메밀막국수,5,철산,0,0
봉피양,31403,원당,0,1
봉화산커피,370,구로디지털단지,3.5,1
부다페이스,834,한강진,4.4,0.592592593
부리나케,1012,부평,3.9,0.470588235
부민옥,1395,부천종합운동장,0,12345
부부칼국수만두,None,반포,4.1,0.166666667
부산밀면,25330,사평,4.1,0.166666667
부산복집,620,학동,3.5,1.5
부야스곱창,21245,서울,3.4,1
부일곱창,373,외대앞,4,0.285714286
부자냉면부자만두,33,부천,3.7,1.5
부즈인부스,1268,대치,3.4,0.333333333
부처스컷,12157,광나루,3.5,1
부첼라,6157,당산,4.4,0
부촌육회,4416,선유도,4.4,0
부추곱창,14214,서정리,0,0
부추삼겹살,11206,고속터미널,4.8,0.101694915
북경,139485,회현,3.8,0.25
북천,7766,안산,3.8,0.8
불곱창시즌1,34,거여,0,0
불광떡집,6,길동,0,12345
불난닭발,2303,미아사거리,3.7,0.8
불난집,2193,성균관대,3.9,0.176470588
불만난쭈꾸미,148,방이,3.9,0.5
불불이족발,8663,대림,0,0
불오징어집,39,신답,0,0
불타는꿀꿀이,625,양천향교,0,0.25
불타는생고기,220,신이문,0,0
불타는소금구이,940,몽촌토성,4.4,0.388888889
불티나손만두,105,동두천중앙,0,0
브라세리인스페이스,1194,부평구청,3.8,0.25
브라운그릴,507,굴포천,3.8,0.25
브라운돈까스,7236,세마,0,1
브라운버터,2449,삼산체육관,0,1
브라운브레드,1314,서동탄,4,0.333333333
브라운핸즈,40231,송내,0,2
브라이리퍼블릭,3888,연신내,3.6,0.6
브라이언스커피,2185,교대,4.3,0.083333333
브런치팩토리,1658,남한산성입구,0,0
브레드05,3466,월계,0,12345
브레드덕,3892,평촌,3.5,0.75
브레드디,128,단대오거리,0,0
브레드숨,3256,명동,4.3,0.74
브레드스팟,647,천호,4.2,0.25
브레드앤밀,598,일원,0,1
브레드에스프레소앤,918,망원,4.5,0.157894737
브레드제이,319,길음,0,0.5
브레드피트,3803,송내,0,0
브레쉬애비뉴,40,신길온천,0,12345
브로버거,570,춘의,4.1,0.142857143
브로이하우스바네하임,336,대청,0,2
브로한,172,오산대,0,0
브루드서울,928,서동탄,0,1
브루클린더버거조인트,40182,관악,0,12345
브링웰피자,129,외대앞,4.1,0.461538462
브이떡볶이126,37,동묘앞,0,0
블랑제리가마,307,광나루,4.1,0
블랙드럼,1839,신목동,0,0.5
블루룸,2451,사당,4.3,0
블루테이블,113,개롱,3,3
블루펍,653,남한산성입구,0,12345
비나,1601,배방,0,0
비나케이크,539,석수,0,12345
비라티오커피,19,성균관대,3.5,0.428571429
비밀,165825,신정,0,0
비바폴로,7256,성신여대입구,4.3,0.05
비비스토리,1846,성환,0,12345
비스테이크,553,동작,4,0.4
비스테카,15856,염창,0,12345
비스트로루다카야,75,경마공원,3.6,1.166666667
비스트로메타포,544,역삼,4.4,0.48
비스트로앤,167,강남구청,4,0.5
비야게레로,2525,남부터미널,4.4,0.388888889
비어펍,1517,대림,4.1,0.333333333
비엔나커피하우스,12901,까치울,4.5,0
비엘티스테이크,886,오류동,0,2
비엣꽌,55,봉천,3.2,1.545454545
비와별닭갈비,2199,증미,0,1
비첼,594,사가정,0,0
비추는별,1500,석계,0,0
비트윈브레드,286,안양,3.3,1.5
비트윈옐로우,136,구산,0,0
빅몬스터커피,162,논현,4.3,0
빈브라더스,45826,신정,0,1
빈스앤베리즈,2056,봉화산,0,0
빈이네곱창,34,쌍용,0,0
빈터커피로스터스,402,상계,0,12345
빌라드샬롯,11636,대야미,0,12345
빌리엔젤,95217,서동탄,0,1
빕스,287826,우장산,0,0
빕스버거,1323,대치,3.5,0.875
빙하의별,10104,방이,4.1,0.25
빚은,10945,봉화산,0,3
빚짜,7766,구의,3.8,0.5
빛나는바다,3855,강동구청,4,0
빠글빠글잔치국수,None,을지로입구,4.5,0.333333333
빠비뚜엡,161,발산,3.5,0.666666667
빠오즈푸,2098,송파,3,0.444444444
빨대소리,231,오금,0,0
빨봉분식,38541,의정부,0,0.0625
빵굼터,2662,녹번,3,2
빵의정석,4526,부천,3.7,0.166666667
빵토리,3760,강남,4.5,0.511627907
뺑드미,2135,광화문,4.5,0.379310345
뽀까뽀까,4046,매봉,4.3,0.613636364
뽀르타블루,257,종로5가,4.7,0.115384615
뽀빠이분식,1384,화정,0,3
뽕나무쟁이,2703,평촌,3.3,1
뽕사부,1339,상도,3.2,0.5
뽕신,15766,신용산,4.4,0.257142857
뽕잎마루,7,원당,0,0
뿅의전설,4614,불광,0,12345
뿔난쭈꾸미,620,구의,3.9,0.588235294
쁠로13,1736,길음,4,0.407407407
사누끼,1480,녹양,0,0
사또양념치킨,10,동인천,0,12345
사또치킨,480,연신내,3.9,0.176470588
사랑방칼국수,1726,원흥,0,0
사리원,7478,공릉,3.8,0.8
사마르칸트,2729,삼송,0,1
사마리칸트,992,응암,0,0
사모님짬뽕,643,안국,4.4,0.409090909
사보텐,29737,대공원,0,1
사우스사이드팔러,260,한대앞,0,0
사월에보리밥,1974,부천,4.2,0.2
사월의물고기,4704,매봉,4.6,0.058823529
사이공리,1580,매봉,4.3,0.714285714
사이드쇼,22773,이태원,4.5,0.182741117
사이야,8126,녹사평,4.5,0.182741117
사철마당,None,매봉,4.2,0.0625
사카나,3583,마곡,0,1
사쿠라드랍스,229,여의나루,3.4,0.857142857
사쿠라멘,2807,장승배기,4.4,0.212121212
삭,5843,신당,3.9,0.25
산골녹차냉면,57,노들,4.5,0.222222222
산골닭갈비,711,태릉입구,3.8,0.142857143
산골사랑,21,화랑대,3.8,0.142857143
산골정육식당,155,주엽,3.9,0.5
산과산사이커피로드,38,명일,0,1
산너머남촌,932,내방,4.6,0.272727273
산동만두,2630,장승배기,3.6,1
산동포자,378,샛강,4.2,0.5
산들애,1454,종합운동장,0,0
산들해,4423,광명,0,0.666666667
산사로,501,화랑대,4.1,0.090909091
산수갑산,6727,세마,0,1
산수고원,194,마곡나루,3.4,1
산아래염소이야기,150,삼성,4.3,0.355932203
산야초12,24,삼성중앙,4.3,0.355932203
산이네,2764,석수,0,1
산쪼메,26759,역곡,3.8,1
산천마루,177,신풍,0,2
살구나무집,521,서울,4.2,0
살구나무집칼국수,48,혜화,4.5,0.260869565
살바토레쿠오모,11864,신반포,4,0.25
살찌는케이크,663,성균관대,3.9,0
삼각정,1175,고려대,4,0.266666667
삼덕식당,417,보문,4,0.333333333
삼도갈비,3871,신방화,0,0
삼막골샤브샤브,11,이대,4.5,0.3
삼목등심,302,명일,3,1.333333333
삼미당,1305,산본,3.6,0.636363636
삼미포차,22,서대문,3.8,0.5
삼백집,23292,회현,4.3,0
삼복횟집,7,영등포구청,0,0
삼부자한우정육식당,1376,천호,4.1,0.2
삼부자황제갈비살,49,상도,3.4,1.25
삼성원조양곱창,1379,삼성중앙,4.4,0.35483871
삼송빵집,69055,구일,0,0
삼순이호두파이전문점,129,원흥,0,0
삼시세끼,202769,동대문,4.4,0.333333333
삼오곱창,114,안국,4.4,0.553191489
삼우닭강정,316,수락산,0,0
삼월의양,327,대청,0,1.5
삼정하누,1171,성균관대,3.8,0.384615385
삼청동궁물떡복이,799,강남구청,4,0.444444444
삼촌네,10030,개롱,0,0.5
삼촌식당,2716,부개,0,12345
삼통치킨,6641,강남,4.5,0.182795699
삼포집,1019,신도림,3.7,0.523809524
삽교곱창,1198,아산,0,12345
삽다리곱창,1484,신설동,0,0
삿뽀로,50405,길동,0,0
상남스시,701,광명,0,2
상도갈비타운,13,청량리,3.4,0.375
상도곱창,1272,한양대,3.2,1
상도다방,968,용산,3.3,1
상떼,308,고덕,0,1
상미규카츠,6277,공릉,3.4,0.333333333
상생장,8919,대방,3,6
상일정육식당,7,문정,3.2,0.833333333
상주한우,105,동대문역사문화공원,3.7,0.8
상하이설악칡냉면,None,마포구청,4.4,0.4
새우꺾기,5144,광흥창,0,12345
샐러데이,2387,경복궁,4.5,0.310344828
샐러드트리,262,태릉입구,0,0
샐러드프린세스,1360,부천종합운동장,0,12345
샘밭막국수,4033,학동,3.8,0.8125
샘터골,140,어린이대공원,4.6,0.313953488
샛집남원추어탕,44,용마산,0,12345
생각이나,27386,구일,0,0
생선까시,149,약수,3.2,0.666666667
생어거스틴,72751,남구로,0,1
생활맥주,56842,뚝섬,4.5,0.357142857
샤브애,1486,세마,0,0
샤브팜,245,주안,0,0
서가앤쿡,265204,구로,0,1
서가해물찜찜찜,None,주안,3.2,1.3
서궁,2873,방이,3.8,0.4
서대문족발,978,잠실나루,2.9,5
서동관,1048,선릉,4.6,0.235714286
서두산딤섬만두,39,내방,3.7,0.25
서라벌한정식,276,공릉,3.8,0.571428571
서래통,2316,경마공원,0,12345
서민호생참치연어,4,단대오거리,0,0.333333333
서부감자국,472,중동,0,0
서서떡볶이,180,신사,4.6,0.233333333
서서방고깃집,39,창동,4,0
서소문순두부보쌈,231,일원,0,0
서신분식,162,잠원,3.9,0.25
서울,11525695,충무로,4.6,0.196969697
서울고로케,68,을지로3가,4.6,0.196969697
서울리스타,7591,동암,0,3
서울뼈구이매운족발,39,동대문역사문화공원,4,0.454545455
서울쉬퐁,72,안산,0,0
서울식당,4152,방화,0,0.2
서울양대창,63,정부과천청사,0,4
서울초밥,723,김포공항,2.9,5
서울커리,743,녹사평,4.5,0.2
서울커피,24602,대치,3.2,4.333333333
서울황소곱창,30,잠실나루,0,0.333333333
서일순대국,1167,홍대입구,4.6,0.16
서지스테이크,793,장승배기,4.6,0.130434783
서천영양탕,13,김포공항,3.4,1.5
서초면옥,2722,길음,0,12345
서초장어타운,142,진위,0,12345
서촌계단집,8799,상계,0,0.5
서촌김씨,2074,중곡,0,0
서평기사식당,73,회룡,0,0.333333333
서현닭발,53,이대,4.4,0.430769231
석관동떡볶이,17691,효창공원앞,2.9,5
석관시장떡볶이,310,강변,3.4,1
석기정,950,지제,0,12345
선궁,675,도봉산,0,2
선바위메밀장터,120,구산,0,0
선어락,5,마포,4.2,0.142857143
선우가,348,백운,0,12345
선유기지,2216,반월,0,1
선향정,553,양천구청,0,2
선향정샤브샤브,500,신반포,4.2,0.821428571
설면,275,쌍문,0,0
설빙,816273,을지로3가,4.4,0.348837209
섬진강참숯민물장어,193,굽은다리,0,1
성가네낙지마을,373,산성,0,0
성민양꼬치,5794,부천종합운동장,0,1
성산왕갈비,899,흑석,4.1,0
성수족발,11223,산본,3.6,0.5
성원식당,724,홍제,0,12345
성천막국수,730,신정네거리,3.4,0.454545455
세루리안커피,6041,고속터미널,4.3,0.545454545
세모분식,1732,정왕,0,0
세븐돈까스김밥,2,삼각지,4.1,0.307692308
세븐스프링스,32114,여의도,4.2,0.285714286
세이지,8982,미아사거리,0,0
세컨드고메,345,삼산체육관,3.7,1
센,10993,관악,0,0
셀렉토커피,12827,흑석,4.3,0
셀에수크레,347,부평,4.1,0.25
셀프하우스,1878,오산대,0,0
셰막,6424,구의,3.3,0.4
셰프들의수다,1465,보산,0,0
셰프마스터,317,봉명,0,0
소담떡,409,온양온천,0,0
소담정,1143,청담,3.8,0.428571429
소들유통,1,영등포,3.8,0.357142857
소문난멸치국수,413,반포,3.6,0.8
소문난명품잔치국수,8,사평,3.6,0.8
소문난보배곱창,47,산성,0,12345
소문난성수감자탕,2141,도봉,3,6
소문난원할매닭한마리,1,장지,3.8,0.333333333
소바야청담,238,강변,3.1,1
소바쿠,1073,언주,4.2,0
소바트럭,1273,중계,0,0
소브스위드살몬,2542,신림,3.5,0.25
소소비루,208,안양,3.3,0.857142857
소신이쏘,3783,광나루,2.8,6
소야지,949,마장,0,0
소연,105572,배방,0,1
소와주,110,모란,3.8,1.333333333
소요산면옥,19,서동탄,0,12345
소요산신흥,1,사평,3,2
소운빙,719,보라매,3.7,0.375
소육옥,175,상도,2.9,5
소이연남,51432,숭실대입구,3.9,0.6
소토보체,1771,마포구청,4,0.333333333
소프트리,18769,중곡,0,1
소호정,6795,수유,3.3,1.375
속초붉은대게,7792,제기동,0,2
속초생선찜구이,7,상일동,0,12345
속초코다리냉면,8012,신금호,0,0
손두부보쌈,106,부천종합운동장,0,12345
손커피연구소,3314,공릉,3.6,0.333333333
솔낭구,807,안암,4.4,0.192307692
솔향기,1858,주엽,0,0
송림,3784,월곡,4.4,0.045454545
송백목감자탕,49,교대,4.3,0.588235294
송백부대찌개,287,어린이대공원,4.1,0.333333333
송스키친,8777,몽촌토성,4.2,0
송옥,2801,신대방삼거리,0,0
송원마포갈비,311,공릉,4.3,0
송월관,747,광명,0,0
송이족발,7301,의정부,3.2,0.777777778
송주불냉면,2188,신길,0,2
송쭈집,3000,두정,0,12345
송추가마골인어반,377,봉명,0,0.5
송파감자국,450,목동,3.1,1.4
송화강식당,28,부천시청,3.3,0.6
송화산시도삭면,616,중앙,3.4,0.666666667
송화의카페,718,안양,2.8,1
솥단지,642,범계,3.7,0
쇼동,153,동두천중앙,0,0
쇼샤돈부리,124,샛강,4.1,0.588235294
수라선,2760,서대문,4.1,0.357142857
수락산숯불닭갈비,30,대화,3.8,0.333333333
수락산참치,197,몽촌토성,4.2,0.333333333
수락산풍천민물장어,1,신정,0,0
수림공원가든,51,금정,0,1
수모임,62,단대오거리,0,0
수삼겹살맛집,None,녹번,0,2
수수가든카페,3677,화랑대,0,0
수수커피,20644,공릉,0,0
수연떡방앗간,None,관악,0,0
수왈레스토랑,2,소사,0,1
수원성옛설렁탕,9,오류동,0,0
수정불막창,1005,대청,3.4,1.5
수타원,289,서울,3.4,1
수피자,685,청량리,3.6,0.666666667
숙성시대,335,신이문,0,1
순금이떡볶이,264,백운,0,0
순대나라,177,개화산,0,0
순대일번지,1390,당산,4.3,0.233333333
순수커피,487,길동,0,0
순자네다락방,266,종로3가,4.3,0.62962963
순흥골숯불갈비,10,마두,0,0
순희네빈대떡,22235,보라매,3.4,0.928571429
술집타디스,163,방화,0,0
숭의가든,448,서초,4.1,0.869565217
숯불탁탁,597,교대,4.1,0.166666667
쉐라톤디큐브시티로비라운지바,10598,경복궁,4.5,0.303030303
쉐프마인드,562,경복궁,4.5,0.166666667
쉐프스라운지,1305,대청,3.9,0.5
쉐프조,2276,상록수,0,12345
쉬림프라운,3408,수유,3.1,2
쉼표말랑,2780,돌곶이,3.5,0.833333333
슈라즈케이크,4483,당정,0,3
슈치쿠,2374,신목동,0,1
슈크레동,1372,경찰병원,0,0
슈퍼커피,17440,선바위,0,0
슝카롱,355,도화,0,12345
스낵빈,None,종합운동장,0,12345
스담,467,당산,3.8,0.166666667
스마일포차,1275,선유도,3.8,0.166666667
스모스시,352,구로,0,1
스물다섯,25132,가산디지털단지,3.3,2
스시619,64,부천종합운동장,0,0
스시경,695,가락시장,3.1,3
스시고메이,623,안양,3.2,0.857142857
스시광,2536,역촌,0,0
스시긴,2995,돌곶이,3.4,3
스시냥,518,흑석,4.3,0.263157895
스시다마,903,월드컵경기장,4,0.235294118
스시도리,686,성수,4.4,0.414634146
스시마이우,8452,도원,0,12345
스시메이진,13658,답십리,3.8,0.5
스시바오,203,강남,4.4,0.358024691
스시산,3529,송탄,3.8,1
스시산원,3210,돌곶이,0,0
스시쇼,627,잠원,3.3,2.5
스시쇼쿠닌,394,연신내,3.8,0.555555556
스시시로,2577,먹골,0,0
스시앤리,48,상월곡,0,0
스시오야붕,255,돌곶이,3,1.5
스시옥,364,정부과천청사,3.6,1
스시정,3378,강동구청,4,0.8
스시준,7936,강남,4.4,0.653846154
스시차이,20,신논현,4.4,0.653846154
스시카루,758,원흥,0,1
스시카와,620,오산대,0,2
스시쿠야,377,안산,0,0
스시키노이,1729,초지,0,0
스시텐,2210,몽촌토성,4.1,0
스시토푸,851,용두,0,0
스시한판,8884,태릉입구,3.2,2
스시혼,9179,노들,0,12345
스시화,974,용답,0,0
스시환,1117,성수,4.3,0.489795918
스시히로바,7261,종로5가,4.1,0.666666667
스시히로바미니,119,이촌,4.1,0.7
스윙바이,431,아차산,4,0.285714286
스즈란테이,4441,가양,3.6,0.444444444
스카이호프,106,봉은사,4.3,0.666666667
스쿨푸드,45930,주안,0,0
스퀘어21,507,신촌,4.4,0.426829268
스타동,779,중화,0,0
스타벅스,5936649,서초,3.9,0.333333333
스타쉐프,4989,의왕,0,0
스타족발,3313,동두천중앙,0,0
스테이,1550592,소요산,0,12345
스테이크레이브,4902,구반포,4,0.1875
스토9,113,마천,0,12345
스톤504,2243,반포,3.6,1
스톤밀,105,선바위,0,12345
스티키리키,1303,서초,4,0.25
스푼더마켓,7465,국회의사당,3.7,0.285714286
스프링그린,1894,답십리,0,2
슬러프커피,917,중동,0,0
슬로우커피1012,316,동암,0,0
시골감자국,58,도화,0,12345
시골순대,1461,의왕,0,0
시골우렁쌈밥,110,이촌,4.1,0.25
시골집,85374,대야미,0,12345
시골집얼큰한뼈해장국,28,동대문역사문화공원,3.9,0.5
시골청국장,435,동대입구,3.9,0.5
시노다야이자카야,20,대방,3.1,5
시드누아,3413,애오개,3.2,1.5
시루나무,241,원흥,0,0
시앙차이나,14,시청,3.9,0.444444444
시애틀에스프레소,367,문래,3.7,1
시월애,4927,도림천,3.7,1
시저지,602,동두천중앙,3.1,3
시즌커피앤베이크,2332,오이도,0,0
시즌티,237,남성,3.7,0.2
시후쿠,2088,초지,0,12345
식객,26647,마곡나루,0,1
식목일,47090,여의도,4.2,0.5
식빵공방,7689,송파,4.1,0.125
식빵이야기,276,상계,0,1
신,3429569,뚝섬유원지,4.3,0.142857143
신가네광양불고기,15,상일동,0,0
신고집찜칼국수,34,배방,0,0
신금호떡집,10,부개,0,0.2
신길동매운짬뽕,4216,역곡,4.1,0.222222222
신길양꼬치구이,4,잠실새내,3.9,0.5
신당동막내아들네,None,장암,0,0
신당동천팥죽,101,수락산,0,12345
신도림참족발,424,수락산,0,12345
신동,99330,간석,0,1
신라삼계탕,506,화서,0,0
신래향,131,양평,0,12345
신마포갈매기,1498,구파발,0,1
신미경정통춘천닭갈비,103,신사,4.3,0.612903226
신사,1287455,독바위,0,12345
신사소곱창,14167,안산,0,0
신사양꼬치,1082,세류,0,0
신서방부대고기,56,연신내,3.6,0.25
신선설농탕,9754,까치울,0,1
신성각,894,동두천,0,12345
신성관,104,상왕십리,0,0.5
신세카이,13578,아차산,3.7,0.444444444
신숙,224,과천,0,12345
신승반점,12319,마포구청,3.9,0.5
신안갯뻘낙지,2,마곡,0,0
신안산낙지철판해물,None,용마산,0,12345
신야텐야,1295,중동,0,0
신원,34065,종로5가,4.1,0.592592593
신의주찹쌀순대,6680,우장산,0,0
신이주신선물오리고기,47,불광,0,1
신일반점,129,제물포,0,3
신전떡볶이,120573,용두,0,0
신짱스시,660,신도림,3.7,1.15
신촌기사식당,41,창동,0,0
신촌황소곱창,14219,고잔,4,0.333333333
신토불이,25660,문래,3.9,0.652173913
신토불이두부마을,None,중앙,4,0.75
신토불이떡볶이,13107,문래,3.6,0.333333333
신통치킨,7085,대화,3.3,0.75
신풍곱창,152,여의나루,3.7,0.5
신한방퍼즈카페,None,양천구청,0,2
신해림샤브뷔페,2,수서,3.3,0.5
신화닭발,866,덕정,0,1
신흥숯불갈비,2,석수,0,12345
신흥정육식당,1324,청구,3.7,0.285714286
실크로드,8402,구반포,3.8,0.6
심가네한우고집,30,주엽,3.9,0.4
심플리브레드,781,삼성중앙,4.1,0.25
심플십,1200,원당,0,1
십리향,1516,등촌,3.9,0.5
십원집,8521,먹골,3.9,0.2
싱싱오징어바다,1489,미아,0,1
싱싱회타운,34,장한평,3.8,0.142857143
싸리골,856,응암,0,0.5
싸리재,1878,오목교,4,0.142857143
싸오타이포차,617,수유,3.3,3
쌀국수마을420,153,가산디지털단지,3.3,5
쌈촌,2954,화정,3.2,4
쌍문동판다쓰,637,오금,0,0.333333333
쌍문역파스타,969,한성대입구,3.7,1
쌍용반점,748,선릉,4.4,0.16
쌍용활어회시장,81,오목교,4,0.25
쌜모네키친,3546,까치산,0,0.5
써니데이서비스,1402,상수,4.4,0.3
써드포지션,637,망월사,0,0
써이포차나,397,정왕,0,0
썬더치킨,16950,독산,0,0.333333333
썸씽에스프레소,37,송내,0,0
썸오브에브리띵,16,노량진,3.8,0.111111111
쎄라비,2659,하계,3.5,0.2
쏘리소,3,봉화산,0,2
쓰리로보스,1084,교대,4.2,0
씨네드쉐프,11614,매봉,4.1,0.214285714
씨사이드레스토랑,5,오류동,0,0
씨앤모아,1018,월드컵경기장,3.9,0.380952381
씨포,1735,강변,3.8,0.333333333
씽킹인사이드더박스,299,광나루,3.5,0.727272727
아고라커피,2581,광명,0,3
아날로그가든,3490,쌍문,3,1.176470588
아니스,26309,쌍문,0,0
아드망,6298,남부터미널,4.2,0.125
아뜰리에낭만앵,1094,아산,0,0
아라리만두,50,노량진,3.7,1.5
아라베스크,4951,이촌,4.4,0.609756098
아랜역물닭갈비,748,발산,3.6,0.6
아레나,1465189,방학,0,12345
아로이,2218,의정부,3,1
아리가또맘마,11020,선유도,3.2,0.5
아리랑갈비,514,상도,0,0
아리랑식당,794,마곡,0,0
아리수포차,12,광흥창,0,0
아리아께,4905,대흥,0,12345
아마르,1323,신정,0,1
아메노히커피점,944,종합운동장,0,0
아메리칸트레일러,5603,학여울,0,12345
아모르미오,9688,매봉,4.4,0.347826087
아모르버터,1174,방이,4.1,0.2
아방뮤제,6350,학동,3.4,1
아벡쑤아,478,잠실,4.4,0.111111111
아빠곰수제돈까스,637,화곡,0,0.333333333
아빠치킨,995,안국,4.3,0
아사네커피,36,숭실대입구,3.6,0.666666667
아사히,172331,대치,4.2,0
아산본가민물장어,8,숙대입구,4.5,0.068965517
아성빈대떡,1,고덕,0,12345
아세안익스프레스,336,구파발,0,0
아야진생태찌개,621,구산,0,0
아오모리,14902,종합운동장,0,0
아웃닭,66916,새절,0,1
아웃백스테이크하우스,44649,상계,0,0
아이언펍,560,상록수,0,1
아이엠부대찌개,145,천안,4,0.7
아이엠키친,213,청구,0,0
아지겐,1473,한성대입구,3.7,0.5
아지매순대국,9,노원,4.3,0.36
아지트,251329,아차산,4.1,0.111111111
아차산손두부,40,문정,0,12345
아차산할아버지,221,의왕,0,0
아키노유키,4212,용산,3.8,0.6
아트메이저,1087,초지,0,12345
아티제,72318,돌곶이,3.7,0.5
아현닭발,2776,양평,3.8,0.363636364
아현동간장게장,1175,마천,0,12345
악토버,1495,삼각지,4,0.535714286
안골,5916,간석,0,0
안나푸르나레스토랑,25,방배,4.1,0.166666667
안남,6200,신풍,0,1
안녕베트남,9981,인천,3.4,1.2
안다미로왕솥뚜껑삼겹살,None,선바위,0,0
안다즈커피,1492,하계,0,1
안동반점,1331,신금호,0,12345
안면도회포차,None,신길,3,4.6
안스베이커리,14523,신길,0,1
안주파티,1051,신당,3.8,0.333333333
안준수곤드레밥,3,신당,3.7,0.5
알고탭하우스,898,신도림,3.7,0.2
알레싸,111,역곡,3.3,1
알레아파리,210,도봉,0,1
알렉스플레이스,898,의정부,4.1,0.2
알로하포케,4461,대흥,0,1
알볼로,16374,병점,0,0
알볼로피자,20163,오이도,0,12345
알오삼계탕,9,신풍,0,1
알콜로,1008,신이문,0,1
알토브레드,1167,방배,3.6,0.666666667
알투라,726,행당,0,0.333333333
알페인,1661,신사,4.3,0.375
알프키친,3793,신사,4.3,0
압구정해장국식당,None,개롱,3.9,0.857142857
앗싸곱창,2892,광나루,3.1,1.5
앙키친,632,독산,0,0
애란궁,142,양천구청,0,12345
애성회관,2034,중앙,2.9,1
애슐리,278287,영등포시장,0,2
애정마라샹궈,1570,춘의,3.3,0.888888889
애플하우스,19694,공덕,3.7,0.625
야래향,2159,도화,0,12345
야마뜨,855,목동,3.7,0.692307692
야마모토스시,175,서초,4.3,0
야미앤바베쿡스,415,인천,4.3,0.742857143
야바이,4656,신대방,0,1
야사시키친,397,신대방,0,1
야스노야,1179,염창,4,0.333333333
야쿠야쿠,198,여의도,4.3,0.2
약산능이촌,11,고덕,0,1
약수순대국,609,마들,0,1
약초마을,698,청담,3.5,0.8
양곱막,288,논현,4.3,0
양드림식당,72,도원,0,12345
양문,610,부천시청,3.6,0
양선생,1492,정왕,0,0
양지설렁탕,650,오산,0,1
양지순대곱창,15,중곡,0,1
양촌리,6137,장승배기,4,0.272727273
양키스그릴,876,방화,0,2
양키스버거,10178,신림,4,0.1
양푼이갈비찜,2100,동암,0,12345
어가촌,729,초지,0,12345
어글리베이커리,5411,아차산,4,1.111111111
어니스크,823,당고개,0,12345
어니언,65622,신풍,0,1
어른이대공원,10726,보라매,0,1
어메이징타이,987,신길,0,0
어묵마을,9,오산대,0,0
어반81,2033,소요산,0,0
어반나이트,326,도원,0,12345
어반나이프,2735,청량리,3.4,1.25
어반시크,1993,마장,0,0
어부와바다,129,마두,3.7,0.25
어부의밥상,863,옥수,3.9,0.4375
어서오새우,1011,인천,3.5,1.636363636
어서오슈,760,신림,3.5,0.75
어셈블리커피,136,공릉,3.5,0.333333333
어스키친,2830,세류,0,12345
어썸커피,1406,망월사,0,1
어썸플레이스,4889,동인천,0,0
어진아구찜,1,군포,0,12345
어창수산,13,녹번,0,0
언니김밥,217,상월곡,0,3
언니네함바그,2491,쌍문,3.7,0.428571429
언니의식빵가게,513,쌍문,3.8,0.571428571
엄나무집,162,창신,0,12345
엄마김밥,4612,쌍용,0,3
엄마분식,344,가락시장,4.1,0.390243902
엄마손칼국수,1622,중앙,3.3,0.333333333
엄지천년교동짬뽕,7,개봉,0,1
엄청난회집,55,도봉,0,0.333333333
엉터리생고기,91741,구일,0,0
에릭케제르,4752,방이,4.2,0.176470588
에머이,177826,까치울,4.4,0
에버델리,3851,동두천,0,12345
에베레스트,19887,성신여대입구,4.2,0.269230769
에벤에셀분식나라,None,압구정,4.4,0.388888889
에비수,14710,오이도,0,12345
에이치플러스와이,202,가락시장,3.5,2
에이컷스테이크,2395,오목교,3.8,0.421052632
에페커피,687,신촌,4.5,0.217391304
에프스토리,2033,공릉,4.5,0.148148148
에픽,12314,홍대입구,4.7,0.147887324
엔젤리너스,198176,옥수,4.3,0.111111111
엘디아,601,삼송,0,0
엘따뻬오,707,중동,0,12345
엘레나가든,1472,신중동,4.2,0.1
엘리스리틀이태리,983,오산,0,0.5
엘리제과자점,45,동인천,0,0
엘리펀트커피,2170,동암,0,0
엘샤다이과자점,51,도원,0,0
엘에이호프,2,구일,0,0
엘올리보,1160,남구로,0,1
엘카페커피로스터스,865,하계,0,1
엠바웃,2331,지행,0,0.25
엠브이샤브샤브,31,용두,0,0
엣촌맛고을,None,잠원,0,2
여신족발,678,동대입구,4.6,0.105263158
여자말을잘듣자,4770,장승배기,3.7,0.666666667
역전식당,789,홍대입구,4.6,0.27027027
역전회관,2750,광명,3.9,0
역촌왕돈까스,418,서울대입구,4.4,0.307692308
연경,17868,낙성대,4.4,0.307692308
연막술,12270,목동,4,0.142857143
연어&멘,None,한강진,4.5,0.446808511
연어마을,1719,송파,0,0
연어식당,972,강남,4.5,0.242718447
연천분식,10,온수,0,0
연평도꽃게아구낙지,13,경찰병원,0,4
연화산,2197,마두,0,12345
열화초불닭,304,배방,0,1
염대감나주곰탕,140,효창공원앞,4,0.2
영동돈까스,250,회룡,0,1
영빈루,4980,삼성중앙,4.2,0.2
영사미,45,고잔,0,1.5
영수네감자국,116,평촌,3.2,1
영양센터,4648,부천시청,3.3,0.666666667
영원식당,484,평택,0,0
영일분식,1570,구반포,4,0
영춘똥꼬닭발,673,공릉,3.4,1.5
영향,3490,우장산,0,0.5
영화루,3573,이촌,4.1,0.466666667
영화장,1098,안양,0,0
영화정해장국,11,과천,0,12345
예가떡폐백이바지전문,None,아차산,0,1
예감쪽갈비,2949,아차산,4.3,0
예촌순대국,1,천호,4.3,0.291666667
예향오리가든,None,내방,4.2,0.357142857
예향재,207,상일동,0,12345
옐로우보울,989,일원,2.7,6
옛고을닭한마리,5,잠원,3.2,4
옛날마차,3010,아현,3.8,0.444444444
옛날맛순대국,None,애오개,3.4,0.833333333
옛날식김치찌개,296,마곡나루,0,0.666666667
옛날중국집,481,덕계,0,0
옛날한우곱창전문,175,부천,3.5,1
옛집흑돼지촌,None,상동,3.6,0.75
옛촌민속집,19,도곡,4.1,0.615384615
옛촌칡냉면,115,서울대입구,4.3,0.455696203
오가네,3019,신이문,0,12345
오가네팬케이크,406,아차산,3.3,0.444444444
오가와,3696,보문,3.4,0.5
오가찜,1,부개,0,0
오감,80393,간석,2.8,0.857142857
오고참,19,구파발,0,1
오군테이,66,김포공항,3.5,0.25
오근내2닭구이,68,구일,0,12345
오남매닭갈비,966,학여울,0,12345
오누이손만두,5,어린이대공원,4.1,0
오늘도숯불화덕구이,6,방학,0,0
오니기리와이규동,None,개롱,0,0
오대리국수,163,보라매,3.6,0.636363636
오떡,9813,학동,4,0.473684211
오뗄두스,10333,개화산,0,0
오또상키친,246,대방,0,0
오뚜기돈까스,494,새절,0,0
오라방,10845,광명사거리,0,12345
오레노라멘,3283,마포,4.5,0
오레오양꼬치,5,암사,0,0
오륙하우스,154,고잔,0,0.333333333
오륜브레드,4,옥수,4,0.222222222
오르리단팥빵,254,양주,0,12345
오리향,51,가능,0,0
오마이삼겹살,19,마곡나루,0,0
오말리,4788,수서,0,1
오메가3삼계탕,59,시청,4.6,0.19047619
오모테산도,131485,마두,2.9,5
오목골즉석메밀우동,836,성신여대입구,4.4,0.21875
오목눈이,1876,구반포,3.9,0.852941176
오목집,2055,간석,0,0
오백년장어,436,합정,4.6,0.176470588
오븐에빠진닭,7049,도곡,3.9,0.444444444
오븐크로아상,291,지행,0,0
오블리비아테,1971,신촌,4.4,0.52173913
오빠네옛날떡볶이,1656,숙대입구,3.5,0.166666667
오사카탕수육,51,삼각지,4.3,0
오샤브,169,신용산,4.3,0
오샬,1281,상도,0,1
오성감자탕,4,용마산,0,0
오성양꼬치,570,약수,4.1,0.285714286
오성초밥,841,대방,3.9,0.2
오스테리아샘킴,4068,온수,0,0
오시오떡볶이,741,거여,0,0
오월의종,21555,충정로,0,0
오유니통닭,621,서초,3.9,0.2
오재영스시,398,상일동,0,0
오정족발,205,공덕,3.9,1
오주방,1586,광명사거리,0,1
오줌장군,480,명학,0,12345
오징어세상,2860,문래,3.9,0.076923077
오징어한마리매운떡볶이,345,종로3가,4.4,0.565217391
오챠드1974,2392,정왕,0,12345
오케이버거,3890,송탄,0,0
오케이치킨,318,염창,0,0
오코노미야끼,113840,마포구청,4.5,0.28125
오페뜨,4958,구로,0,1
오페라빈로스터스,1464,성수,4.2,0.780821918
오향선,3067,신설동,3.5,1
오형제손짜장마을,206,신논현,4.3,0.48
오후의과일,10752,정왕,0,0
오후홍콩,4246,삼성중앙,4.2,0.142857143
옥동식,4356,서초,4,0.5
옥상식당,3165,강변,3.4,1.9
옥천왕족발,150,안양,3.3,1
온누리에돈까스,880,오이도,0,12345
온온,1058,송내,0,0.25
온정돈까스,3548,송내,0,0
올드문래,9033,수진,0,12345
올떡볶이,537,대청,3.9,0.5
올라,22589,범계,3.6,0.625
올라6,45,봉화산,0,2
올래즉석멸치국수,None,쌍용,4,0.333333333
올리볼렌,2306,의왕,0,0
올리브키친,306,상일동,0,1
올어바웃카페,330,신정네거리,0,0.5
옹고집꽃게장,661,외대앞,3.9,0.588235294
옹골진치킨,151,철산,0,0.333333333
옹기꽃게장,3385,답십리,0,0
옻닭집,48,독립문,0,1
와겐커피,1582,용마산,0,0
와세다야,3665,당고개,0,0.333333333
와일드그릴,1975,초지,0,12345
와플블래스,3,반월,0,1
와플잇업,3606,단대오거리,0,2
와플팝,150,여의나루,3.8,1.222222222
완차이,13075,시청,3.9,0.2
왓삼,436,가산디지털단지,3.5,0.333333333
왕게수산,508,구로디지털단지,3.4,0.222222222
왕게수산킹크랩전문점,8,상동,3.7,0.2
왕기마라향과,112,문정,2.8,2
왕대박지지미촌,725,경복궁,4.5,0.372093023
왕또떡볶이,1,영등포,4.3,0.244680851
왕봉24시해장국,12,대야미,0,12345
왕빈자삼파전,4596,한대앞,0,0.090909091
왕손쌈밥,60,구반포,3.6,0.375
왕십리곱창천하,107,둔촌동,3.5,1.666666667
왕십리똥돼지,12,오목교,3.9,0.423076923
왕십리용비네한우곱창,4,부평,4.3,0
왕타이,4606,지제,0,1
왕푸징,8103,선유도,3.3,1
외계인커피,763,낙성대,4.1,0.2
외고집설렁탕,847,굽은다리,2.8,7
외국포차,1365,도원,0,1
외대철판마을,49,석촌,4.7,0.075
요거프레소,148580,마들,0,1
요다래,257,굽은다리,3.3,1.666666667
요술,2838,종합운동장,0,0
요술얼음,195,관악,0,0
요인요아웃,291,선바위,0,3
욥,2680,선유도,3.8,0.4
용궁중화요리,5,부평,4,0.375
용두동임오네쭈꾸미,63,대치,3.8,1
용문해장국,409,신답,0,0
용초수,1001,가산디지털단지,4.3,0.176470588
용코로만두,147,신길온천,0,1
용팔이양꼬치,49,서정리,0,0
우돈가네맛구이,None,마포,4.2,0.64
우돈명가,187,역촌,0,1
우동가조쿠,1901,인천,3.4,1.545454545
우동명가기리야마,61,안양,3.4,1
우동수,416,목동,3.3,0.833333333
우드사이드커피,1016,부천시청,3.6,0.5
우리나라,57811,잠실나루,0,0.333333333
우리네코다리,531,보산,0,0
우리떡방앗간,16,신답,0,0
우리식당,2934,마장,0,0
우리집곱창,1320,개롱,3.1,1.5
우성생고기,29,쌍용,0,1
우수식탁,64,고잔,0,0.5
우스블랑,7624,중계,0,12345
우작설렁탕,389,송탄,3.2,2.333333333
우정,1023859,오금,0,1
우주미,840,도봉산,0,0.333333333
우차돈,6,사평,3.3,3
우츠와,262,청량리,4,0.4
운봉산장양고기전문점,21,여의나루,4.3,0.2
운봉소갈비전문점,4,도림천,3.4,1.2
운비족발,56,천호,4.2,0
울프소셜클럽,2095,독산,0,0
웅이네족발,120,경복궁,4.5,0.4
워낭소리,3548,외대앞,4.5,0.222222222
워킹온더클라우드,8925,길동,0,0
원당대박순대국,None,온양온천,0,12345
원대구탕,2633,군포,0,1
원더러스트,4691,백운,0,12345
원마산아구찜,411,진위,0,12345
원미왕족발,9,녹양,0,1
원보,834,충정로,3.7,0.285714286
원산만두,112,신답,0,0
원산면옥,3942,목동,3.3,1.166666667
원샷,120058,당고개,0,12345
원조광명할머니빈대떡,120,주안,0,1
원조나주곰탕,373,한성대입구,3.7,0.5
원조누드치즈김밥,451,등촌,3.9,0.4
원조떡볶이,759,응암,0,0
원조솥뚜껑생삼겹살,1,보라매,0,0.666666667
원조쌈밥집,1192,중계,0,1
원조양평신내서울해장국,123,삼송,0,12345
원조우렁된장너도나도식당,1,노량진,4,0.666666667
원조이모포장마차,12,광화문,4.6,0.186666667
원조짜장떡볶이,818,경복궁,4.6,0.186666667
원주통닭,3872,백운,0,12345
원차우,338,강남구청,4.3,0
월계철판곱창,4,암사,0,0
월남선생,4347,상일동,0,0
월출산생오리전문점,None,용산,3.3,1
웜이디자인베이킹,3,화곡,0,0
웨일즈독,515,오금,0,12345
위고에빅토르,3527,상록수,0,0
위대한족보,235,녹번,0,1
위대한카페,2610,신풍,0,0
위드미치코,214,주엽,0,0
위드브레드,53,을지로입구,4.7,0.165217391
윈첼지리산생고기,None,광화문,4.7,0.165217391
유가네,33418,둔촌동,3.6,0.111111111
유가네곱창넷,3,광명사거리,0,0
유가네들깨수제비,8,망원,4.3,0.6
유경참나무장작구이,3,합정,4.5,0.209183673
유나미네즉석떡볶이,None,오산대,0,0
유니크스윗,446,보산,0,0
유달리,68881,올림픽공원,4.2,0.166666667
유래회관,1524,양천구청,4.1,0.2
유리갈비,885,오산,0,0
유리즉석떡볶이전문점,1,도봉,0,1
유리카모메,7749,평택,0,0
유림,9361,버티고개,0,1
유림면,2817,보문,0,0
유림분식,216,제물포,3.7,0.5
유에프오,1484,봉천,4.1,0.333333333
유원,1530,오목교,4.3,0.319148936
유월의아침,24,가양,0,0.5
유일설렁탕,205,정부과천청사,3.2,0.666666667
유정고기마당,14,부개,0,0
유정식당,2349,두정,0,0
유정집,505,부천시청,3.3,0.9
유즈라멘,516,원당,0,0
유천칡냉면,1614,쌍용,0,3
유쾌했소,32,안암,4.1,0.53125
유타로,14163,과천,0,12345
유황생오리숯불구이,10,인덕원,0,0
육갑촌,4,광명사거리,0,0.5
육공사604,24,합정,4.6,0.176470588
육당21,167,상도,3.5,2.090909091
육대장,15747,이태원,4.6,0.377777778
육덕식당,1781,영등포,4.6,0.276595745
육부단,6,방배,3.8,0.5
육손곱창전골,5,화곡,0,0.333333333
육심,545,철산,3.9,0.2
육쌈냉면,37965,개화산,0,0
육영맥반석치킨,None,병점,0,1
육전식당,25474,잠실새내,4.1,0.375
육진정육식당,273,월곡,0,0.25
육판장,32,신당,3.8,0.2
육화몽,3410,여의도,4.2,0.716981132
육회자매집,13240,무악재,0,1
윤대감참숯등갈비,298,행당,0,0
윤스마카롱,2450,선바위,0,0
윤화돈까스,1607,강동,3.6,0.666666667
율베이커리,771,방배,3.4,0.5
으뜸횟집,632,방배,3.8,0.5
은성횟집,1317,주엽,3.8,0.666666667
은정갈비,54,강동,3,5.333333333
은행골,40332,서울대입구,4.3,0.5
은행골초밥참치전문점,1,흑석,4,0.75
은행나무손칼국수,29,산본,3.5,0.666666667
은혜곱창,516,동대문,4.3,0.153846154
은호식당,655,신대방삼거리,2.9,6
을밀대,45955,둔촌동,4.3,0
을지로골뱅이,5630,신대방,3.4,1.666666667
을지로미인골뱅이,178,신도림,4.5,0.235294118
을지면옥,16165,문래,4.5,0.235294118
을지오뎅,543,독바위,0,12345
음악곱창집,116,국회의사당,3.8,0.608695652
음악당,3594,여의도,4.2,0.222222222
의리치킨,170,온양온천,0,0
의정생고기,6,마들,0,12345
이가네가마솥설렁탕,36,마곡나루,0,12345
이가네멧돌빈대떡,2,애오개,0,1
이가바지락손칼국수,53,문정,3.6,1
이게국수집,154,외대앞,4,0.166666667
이공숯불구이,None,도봉산,0,1
이나니와요스케,4952,세류,0,0
이노찌,866,미아,0,1
이대감우리소,82,부천종합운동장,0,1
이도맨숀,1608,평촌,3.6,0.666666667
이동닭한마리칼국수,8,범계,3.6,0.666666667
이디야커피,47835,이대,4.4,0.363636364
이레분식,138,신촌,4.5,0.303030303
이바돔,10718,두정,0,0
이바돔감자탕,12176,금천구청,0,0.5
이비가짬뽕,21267,종합운동장,0,1
이성당,73802,대림,3.9,0.5
이스탄불숯불바베큐,7,회현,3.6,2
이스파이,38,소사,0,12345
이야기하나,3159,홍제,0,0
이엄청난참치,21,미아사거리,3.2,1.75
이오스꿀맛닭강정가마솥통닭,None,상록수,0,0
이오카츠,3798,산성,0,0
이요이요스시,2639,무악재,0,0
이웃사촌,43685,상왕십리,0,1
이윤정의낙지한마리수제비와보쌈,15,아산,0,12345
이이요,1009,녹사평,4.4,0.350877193
이자카야모리,469,부천시청,4,0.357142857
이젠,162501,길동,3.1,1
이조면옥,3649,선릉,4.6,0.275
이즈니베이커리,2592,삼성중앙,4.6,0.275
이창희스시,377,등촌,0,0
이춘복참치,17770,외대앞,4.2,0
이층블루스,314,소사,0,0
이층커피,637,강동구청,3.6,0.4
이치류,11236,길동,0,0
이케아레스토랑,6315,장승배기,4.3,0.090909091
이코복스,9394,상일동,0,1.5
이태리식당,10812,당산,4.4,0.107142857
이태은의자연,21,월계,0,1
이퓨레,284,제기동,3.4,1.5
이한스시,3569,효창공원앞,3.5,0.444444444
이현쭈꾸미,1,안암,4.4,0.54
이화원,16657,삼산체육관,0,0
이화찹쌀순대,219,신대방,0,0
인디아게이트,3547,마천,0,12345
인디언소울,690,철산,0,0
인비토,1308,한양대,4.4,0.333333333
인생덮밥,1515,강남,4.4,0.546511628
인생식당,5985,창동,0,0.25
인우초밥,253,새절,0,0
인키친,192,장암,0,0
인현통닭삼계탕,225,도곡,3.9,0.090909091
일광쪽갈비,67,대치,3.9,0.090909091
일도씨닭갈비,3737,과천,0,12345
일로스페인,510,아현,0,12345
일미간장게장,1993,당고개,0,2
일미락,9326,초지,0,0
일미소문난냉면,4,암사,0,12345
일미옥,579,효창공원앞,4.7,0.10989011
일미집,2786,남부터미널,4.1,0.291666667
일미향,30,신당,3.5,0.571428571
일번지포장마차,158,녹번,0,0.333333333
일보스코,2118,당정,0,0
일일향,11261,강남구청,4.1,0.5
일젤라또,3537,장승배기,4.1,0.125
일층집부대찌개,71,서동탄,0,0
일품간장게장,63,신금호,0,2
일품생고기,514,한강진,4.5,0.230769231
일품한우정육점식당,None,도원,0,12345
일품향,3041,회룡,0,0.5
일품향마라향솥,147,여의나루,3.7,1.3125
임병주산동칼국수,1789,원당,0,0
임뻬라또,918,삼각지,3.9,0.523809524
입떡,50,외대앞,4,0.444444444
입장,22327,마포,4.1,0.2
잇쇼니,3079,부천종합운동장,0,0
잉글랜드왕돈까스,3004,춘의,0,0
자그마치,31307,인천,4.2,0.523809524
자매곱창,575,송파,0,0.5
자스민,20483,성수,3.5,0.5
자연과함께한칼국수,32,오산,0,12345
자연드림,26894,광명사거리,0,1.5
자연별곡,128093,개화산,4.2,0.111111111
자연초밥,842,종로5가,4.1,0.166666667
자작나무이야기,1919,독립문,3.4,0.5
자주족발,277,당고개,0,12345
작동홍두깨칼국수,61,명일,0,1
잘루스,179,신목동,0,4
잠원떡볶이,824,주엽,3.3,1
장가계,20280,화정,0,0
장군보쌈,1807,까치산,0,1
장군주먹고기,1275,선유도,4,0.166666667
장군집,9699,방화,0,0
장금수부대찌개,1112,청구,3.4,1.333333333
장남식당,1760,배방,0,0
장다리,1673,개봉,0,0.666666667
장독흑돼지,103,월계,0,0
장모님진해장국,None,역촌,0,1
장수감자탕,887,홍제,0,0
장수손칼국수,131,중동,0,12345
장수토종삼계탕,239,사가정,0,0
장스치킨,452,을지로입구,4.3,0.303030303
장쓰동,634,용마산,0,12345
장안정,1567,부평,4,0.217391304
장암골,7,충정로,4.3,0
장어가,2914,아현,0,0
장어나라,2576,구산,0,0
장어사냥,1061,철산,0,0
장어한판,497,서정리,0,1
장원떡집,5,대야미,0,1
장원정,None,소요산,0,1
장재울토종순대국,2,길동,0,0
장충당,2320,상수,4.4,0.323529412
장충동왕족발,466,쌍용,0,0
장터빈대떡,5,상왕십리,2.9,3
장터참숯무한리필,34,수유,2.8,7
장프리고,4656,부천,3.4,0.571428571
장흥낙지,101,아산,0,0
재동골순대보쌈,None,증미,3.5,0.8
재벌짬뽕,365,시청,3.8,1.375
재석이네참숯화로구이,28,온양온천,0,1
잼배옥,191,상동,0,1.333333333
쟈니로켓,18289,종합운동장,0,0
쟝블랑제리,8655,녹양,0,12345
저스트기네스,302,중곡,0,1.5
전봇대곱창,868,신창,0,12345
전씨네선술집,59,동두천,0,12345
전주감자탕,509,산성,0,12345
전주순대국,497,봉화산,0,0
전주익산,250,서울,4,0
전주전집,6168,강동구청,3.5,1.6
정가네식당,48,등촌,0,0
정겨운오뎅집,989,가락시장,3.1,1.222222222
정대포,1278,암사,0,0
정돈,17420,당고개,0,12345
정미,2860,중화,3.6,0.5
정상호프,8,월계,0,12345
정석참치,518,대화,0,1
정선할매곤드레밥,1283,신논현,4.6,0.1
정순함박,864,봉화산,0,0.666666667
정스시,3496,개화산,0,0
정인면옥,10111,화정,2.4,7
정일품삼계탕,320,중동,0,0
정준호스시,930,신설동,4.6,0.165048544
정통춘천닭갈비,1157,신설동,4.3,0.25
제리스,585,신설동,4.5,0.129032258
제순식당,1142,역삼,4.6,0.1875
제이스버거,2646,봉천,3.4,0.25
제이스플레이트,493,대치,3.3,1.333333333
제이에스가든,1269,우장산,0,0
제이의꽃다방,954,종로5가,4.3,0.759036145
제일분식,1046,종로5가,4.6,0
제일숯불갈비,190,군포,0,1
제일제면소,31786,부천,4.3,0.111111111
제일콩집,537,오금,3,8
제주고기국수,14128,강동,4,0.25
제주국수,4529,굽은다리,0,1
제주도그릴,5648,종로5가,4.3,0.166666667
제주돈창고,1,온양온천,0,0
제주몬트락,6150,방학,0,0.333333333
제주아방,2518,혜화,4.4,0.4
제주아줌마집,703,상동,3.5,0.5
제주오겹살왕돌구이집,410,남구로,0,2
제주은갈치,4248,거여,0,0
제주탐하리,4518,회현,4.3,0
젠틀차이나,33,대화,3.5,0.944444444
젤라띠젤라띠,38573,학여울,0,12345
조가네부대찌개,28,병점,0,0
조개창고,6283,을지로3가,4.5,0.233082707
조금느린집,987,광명사거리,0,0
조대포,3573,송탄,0,0.5
조마루감자탕,9383,정왕,0,0
조박집,4570,회룡,0,1
조선곰탕,358,역촌,0,0
조선면옥,1055,신정네거리,0,12345
조아저씨빵집,444,구로디지털단지,3.6,0.75
족발귀신,1678,동두천,0,12345
족발선생,1545,을지로입구,4.5,0.491525424
존슨부대찌개,2295,신대방,0,0
종로닭한마리,346,을지로입구,4.3,0.319148936
종로돈부리,3611,인덕원,0,0
종로떡집,1566,국회의사당,4,0
종점토스트,40,상록수,0,12345
좋은날피에스타,8,한대앞,0,12345
좋은아침PASTRY,482,천왕,0,2
좋은아침과자점,6,언주,4.4,0.358974359
죠스떡볶이,60427,남성,0,12345
죠인쉐프뉴욕,2364,삼산체육관,0,12345
주먹쥔갈매기,49,까치울,0,0
주미정,None,잠실,4.3,0.5
주유별장,14155,까치산,0,0.25
주재근베이커리,1061,옥수,3.8,0.25
주전부리,113279,신논현,4.3,0.230769231
죽변항해물포차,46,진위,0,12345
죽이야기,5769,아현,0,1
준스시,2333,마포,4,0.166666667
줄리앤줄리아,10339,돌곶이,3.6,1.5
중국관,1537,고잔,0,1
중국제과담,397,군자,4.5,0
중대양곱창,305,노원,3.6,1.5
중앙해장,9702,양천향교,3.1,5
중화요리첸,14,삼성,4.4,0.333333333
중화원,2638,서울,3.5,0.75
줘마양다리구이,607,신도림,3.7,1.818181818
쥬스토,607,석계,0,0.6
즉석바지락손칼국수,12,중화,0,0
즉석우동국수,9,합정,4.6,0.204081633
즐겨찾기,18998,광명,3.6,3.142857143
지느러미,4280,봉은사,4.2,0.941176471
지니스테이블,48,충무로,3.7,0.75
지로,6045,배방,0,12345
지산갈비,178,도봉,0,0
지수사,1290,영등포구청,3.7,0.777777778
지아니스나폴리,11920,봉명,0,0
지올리띠,8762,청구,0,0
지진주쌈밥,2,진위,0,12345
지현샤브샤브,4,도원,4,0
진가와,2372,가산디지털단지,3.6,0.666666667
진남포면옥,926,도봉산,0,1
진도식당,247,지행,0,2
진땡이,1712,염창,0,0.5
진라멘,268,동암,0,0
진만두,1333,답십리,3.9,0.166666667
진미각,163,거여,0,1
진미떡볶이,5077,동인천,3.6,2
진미집,5477,답십리,3.6,0.75
진성각,60,미아사거리,3.3,1
진성관,727,방배,3.6,0.846153846
진성식당,1333,경찰병원,0,0.5
진성한우곱창,1018,장한평,3.4,0.8
진옥화할매원조닭한마리,5247,오목교,4.4,0.314814815
진육식당,307,동인천,3.9,0.5
진주성,36660,내방,3.5,0.571428571
진주집,11529,미아사거리,0,0
진주회관,7124,금호,0,0
진지방순대국,227,양천구청,4.3,0
진진만두국,130,반월,0,0
진콩나물국밥,10,압구정,4.3,0.404255319
징기스,50679,언주,3.9,0.321428571
짜장면가,3,동대문,4.1,0.166666667
짝태시대,755,화곡,0,0
짬뽕상회,9143,역촌,0,0
짬뽕씨티,33,옥수,4.3,0.076923077
짬뽕필락,857,직산,0,12345
짱곱창,832,무악재,0,1
짱이네산곰장어,149,부평,4.3,0
쭈꾸미아저씨,2657,양재,4.3,0.48
쭈꾸미에빠진날,17,잠실나루,2.9,2
쭈꾸쭈꾸쭈꾸미,1319,보라매,0,0.5
쭈노떡볶이,17,충정로,0,0.5
쭈문진,18,신중동,3.6,0.666666667
쭈박,511,동인천,3.3,1.142857143
쯔이코,650,성수,4.4,0.603773585
찌개지존,658,직산,0,0
차알,8680,고려대,3.5,0.285714286
차이나당,1141,화곡,3.6,1
차이나텐진,13,신길,0,1
착한고기,3216,한양대,2.9,7
착한곱창,1688,정발산,4,0.1
착한낙지,25571,안국,4.4,0.111111111
착한돈삼이네,164,면목,0,0
착한보쌈족발,62,까치울,0,1
착한한우정육식당,26,동대문역사문화공원,3.5,0.444444444
찬스브로스,5177,잠원,3.3,1.5
찬장,4826,원흥,0,0.5
찰스에이치,619,신흥,0,0
참Soup,602,송정,0,0
참나라,46,봉천,0,1
참나무로바베큐,35,까치산,0,0.333333333
참맛깔곱창,541,신논현,4.3,0.307692308
참맛나리아안동찜닭,None,약수,3.4,0.5
참이맛감자탕,3486,암사,0,0
참조은한우장터,None,지행,0,0
참토우,585,미아사거리,3.3,0.2
참한아구,56,평택,0,0
창고43,13922,백석,3.5,0.666666667
창동짬뽕,116,당정,0,0
창모루칼제비,557,장지,4.1,0.222222222
창신동매운족발,10503,장한평,3.2,1.666666667
창신육회,11786,도봉산,0,0
창영떡집,32,반월,0,0
채선당,29804,까치울,0,0.5
채선당플러스,5151,온양온천,0,0
챔프커피,None,부평구청,0,0
챠라챠라,125,굴포천,0,0
챠이몽,6,세류,0,12345
처가집부대고기,1,중화,0,0
처갓집양념치킨,12825,장암,0,12345
천안옛날호두과자,487,녹번,0,12345
천영토시살전문,None,남한산성입구,0,12345
천외천,955,면목,0,0
천지연,83698,양평,0,0
천지회관,73,동대문역사문화공원,4.3,0.375
천호쭈꾸미,2817,진위,0,12345
철길떡볶이,2202,관악,0,1
철든놈,23114,온양온천,0,12345
철뚝집,2090,봉명,0,0
철판목장,4595,시청,4.2,0.25
첫번째가마솥순대국,7,고속터미널,4.4,0.641509434
청국장과보리밥,3816,낙성대,4.2,0.459119497
청년다방,131440,삼성중앙,4.1,0.2
청년장사꾼감자집,713,월계,0,12345
청담영양센터,679,신길,0,0.333333333
청량리할머니냉면,1305,상계,0,0
청룡관,66,모란,3.2,1.5
청마루매운갈비찜샤브샤브,1,청구,0,1
청매골화로구이,6,신림,3.5,0.666666667
청산골왕갈비살,17,사당,4.1,0.5
청송일식,15,노들,0,0
청아라,768,방화,0,0.333333333
청양육개장,128,공덕,4.2,0.4
청어람곱창전골,156,혜화,4.5,0.17921147
청와대갈비,17,공덕,4.2,0.2
청주명문도너츠,690,안암,4.1,0.485714286
청죽골식당,5,영등포시장,0,0
청중화요리,5,종각,4.3,0.473684211
청진식당,3150,안국,4.3,0.473684211
청춘극장,3092,잠실나루,0,0.25
청학골도야지,None,수유,0,0
첸차이나,48,개롱,0,0
초가메밀우동,None,송파,0,1
초가집,16144,국회의사당,4.4,0.388059701
초가집부뚜막청국장,31,등촌,0,0.25
초롱이고모부대찌개,15,남구로,0,0
초밥마루,116,화서,0,0
초밥오타루,623,양천향교,0,0
초밥집,24666,지행,0,0
초밥특공대,152,성신여대입구,4.3,0.465116279
초와밥,1227,백석,3.5,0.857142857
초우,789,한양대,3.6,0.571428571
초원마차,173,반포,3.9,0.375
초원양꼬치,2335,잠원,3.9,0.375
초이고야,6189,천안,3.6,0.833333333
초이스시,461,미아사거리,2.9,1.333333333
초코블로썸,919,대방,0,1
촛불조방낙지,1,올림픽공원,3.1,4
총각네곱창가게,38,태릉입구,4,0.25
최가네불짬뽕,48,까치산,0,0
최가스시,8,성수,3.4,1.333333333
최가커피,6400,역촌,0,2
최고집바지락칼국수,6,독바위,0,12345
최대감,169,수서,0,0.666666667
최우영스시,2441,응암,0,0
최윤진당진아구동태찜탕,2,금정,0,0.2
최인아책방,5530,둔촌동,3.8,0.75
최정민낙지마당,9,몽촌토성,4.2,0.387755102
최희성고려왕족발,260,가능,0,0
추오정남원추어탕,595,일원,0,0
춘옥,833,회룡,0,0
춘자싸롱,3143,고속터미널,4.4,0.262626263
춘천골닭갈비,1232,서정리,0,1
춘천명동닭갈비,762,내방,3.3,1.5
춘천옥,866,상왕십리,0,6
춘풍월,225,회룡,0,0
춘향양꼬치,168,남영,4.3,0.380952381
충남칼국수,155,온수,0,0
충무로쭈꾸미불고기,922,마포,4.3,0.365853659
충북식당,808,소요산,0,0
충정각,602,수서,0,2
충칭소면,108,반포,3.8,0.444444444
취풍덕,425,사평,3.8,0.444444444
취해,10921,역곡,3.6,0.5
취향,1663036,마포구청,4.2,0
치르치르,34330,월드컵경기장,4.2,0
치뽈라,268,천호,4.2,0
치어스,10422,신방화,0,12345
치치,53212,마천,0,12345
치킨678,1520,종각,4.4,0.428571429
치킨과외것들,13,불광,0,12345
치킨마루,9512,마들,0,12345
치킨뱅이,4546,용답,0,12345
치킨인더키친,6507,금정,0,0
치킨쥼,122,상록수,0,0
치킨처럼,712,한대앞,0,1
치킨클럽,6802,개롱,2.8,1.5
치킨혁명,1254,대흥,0,2
칠성포차,36295,목동,3.1,1.833333333
칠오구의집,111,송탄,0,12345
칭하이,1737,아산,0,1
카니발피자,12807,구일,0,0
카도야라멘,1956,부천종합운동장,0,12345
카모메,5892,명동,3.9,0.6
카밀로라자네리아,1660,홍제,3.1,2
카이조쿠,283,노량진,3.7,0.333333333
카쿠,2589,남구로,0,1
카페1428,845,우장산,0,1
카페298,51,신중동,3.9,0.75
카페395,1751,고려대,3.8,0.25
카페413프로젝트,3721,인천,3.5,1.25
카페그레아틀리에,37,상도,3.8,0.5
카페꼰띠고,714,구파발,0,3
카페노들수,2,삼성,4.5,0.226666667
카페더브릿지,1564,춘의,0,3
카페더치즈케이크,732,불광,3.4,0.588235294
카페덕안,641,대림,3.9,0.333333333
카페동네,9071,사가정,0,0
카페드나탈리,1772,신대방삼거리,4.3,0.125
카페드라무,334,홍제,0,0
카페드마티네,804,정왕,0,1
카페디쉬,1407,정발산,4.1,0.222222222
카페뚜이,169,용두,0,0.222222222
카페라떼르,791,부평,3.8,1
카페라라,851,배방,0,1
카페라브리,780,중앙,3.4,0.538461538
카페라클라스,57,역삼,4.5,0.362204724
카페람베리,975,강남,4.4,0.513513514
카페래디언트,32,신논현,4.4,0.513513514
카페레블,584,봉명,0,1
카페로니,958,방배,3.7,0.333333333
카페리메인,1091,역삼,4.4,0.285714286
카페마마스,76887,약수,4.1,0.238095238
카페메종드한,385,신이문,0,12345
카페몽돌,198,원당,0,0
카페베르,2160,태릉입구,0,0
카페브레송,661,먹골,0,0
카페비앤유,210,홍대입구,4.7,0.140740741
카페성수,6183,면목,0,0
카페소비,2150,신흥,3.4,1
카페시도,720,수진,3.4,1
카페시스,4885,서정리,0,1
카페아제타,16,신이문,0,1
카페알케미,1759,고잔,0,0
카페어바웃,392,보산,0,12345
카페엣,266,가락시장,3.4,0.9
카페오븐,1882,종로5가,4.3,0.558139535
카페올로,3061,뚝섬유원지,3.6,1.25
카페외할머니,3,신흥,0,12345
카페우유니,180,군포,0,0
카페움플레이트,799,여의도,4.2,0.28030303
카페윙,113,샛강,4.2,0.28030303
카페유전,184,시청,4.4,0.489130435
카페인더무드,1164,성환,0,12345
카페잇,11656,학여울,0,0
카페정,1286,국회의사당,3.8,0.5
카페진정성,55560,양평,0,0.333333333
카페커프엔드,None,철산,0,0
카페쿤츠,268,진위,0,0
카페키이로,3400,신풍,0,0
카페톤,4356,행당,0,2
카페톨릭스,5046,철산,0,1
카페파우스,1,하계,3.6,0.75
카페퍼블리코,1637,미아,0,0
카페포레,1387,언주,3.8,0.428571429
카페포레스트,1387,녹양,0,12345
카페폼,922,구로,0,0
카페플러터,853,천호,4.3,0.310344828
카페하라,478,신길온천,0,12345
카페햅시바,3,대화,0,0
칸지고고,2791,군포,0,0
칸지돈부리,348,노원,3.9,0.3
칸칸엔인연,1314,금정,0,1
칸티푸르레스토랑,38,반포,4,0.5
칼레오커피로스터스,235,서울대입구,4.5,0.292682927
캄더커피랩,283,낙성대,4.5,0.292682927
캘리포니아,284371,소사,0,1
캘리포니아피자키친,15422,대야미,0,0
커피공장,27738,정발산,3.9,0.444444444
커피그라운즈,404,경찰병원,3.3,0.4
커피기업,3392,녹양,0,1
커피꾼,103,동암,0,0.5
커피나무,35678,망월사,0,0
커피냅로스터스,9288,녹사평,4.5,0.369565217
커피늘보,480,신도림,3.8,0.75
커피니,28459,광화문,4.7,0.130434783
커피닮다,109,태릉입구,3.9,0.266666667
커피더쏠,886,독립문,0,0.5
커피라이터,2743,중곡,0,0
커피룩,230,면목,0,0
커피리브레,22371,신흥,0,0
커피마리오,704,천왕,0,1
커피메이플,264,백운,0,0.5
커피몽타주,6510,강변,0,0
커피바이셉템버,1580,화곡,0,0
커피베이,27689,샛강,4,0.264150943
커피볶는고양이,1975,창동,3.9,0.222222222
커피볶는곤이네집,616,신흥,0,12345
커피볶는집마실,18,홍제,0,1
커피볶는집애즈,1,석계,3.4,0.555555556
커피상동시장,None,동대문,4,0.5
커피시네마,56,석계,2.9,1.666666667
커피앰비언스,380,종로5가,4.6,0.309859155
커피요리,1075,도원,0,0
커피유,4431,거여,0,2
커피인더스트리,2838,금천구청,0,0.5
커피작법,1640,길음,3,2.5
커피점빵,2787,신답,0,0.5
커피정류장,285,대림,0,2
커피주택,4984,덕계,0,0
커피지니어스,1742,동묘앞,0,1
커피집,60016,증미,0,3
커피타는너구리,554,먹골,0,2
커피투머로우,244,개화산,0,3
커피페이지,108,석계,0,2
커피프레지던트,2852,송파,0,0
커피플레이스,11785,수락산,0,0
커피하우스,9322,구파발,0,0
커피한약방,20801,상계,0,12345
컬투치킨,7134,중곡,0,1
컴컴베이커리,1133,쌍용,0,0
컵스앤쿡,17,이태원,4.6,0.288461538
컵핑,796,염창,0,0
켄비멘리키,3569,중계,0,12345
코끼리만두,2943,동두천중앙,0,0
코끼리베이글,2168,망월사,0,0
코나야,12404,천안,3.6,1.25
코니크,3406,도원,0,12345
코리안덕,196,오산,0,0
코리안숯불바베큐,2114,독산,0,0
코바코,4402,천호,4.1,0.214285714
코벤트가든,23196,충정로,3.4,0.615384615
코삐,None,평촌,3.8,0.4
코스모스분식,398,범계,3.8,0.4
코아손만두,52,단대오거리,0,0.666666667
코지하우스,3602,가산디지털단지,3,1
코케코코,1225,춘의,0,0
코코로야끼,127,청담,3.4,0.75
코코이찌방야,26663,굽은다리,2.8,2
코피티암,9830,공덕,3.9,0.25
콘타이,13485,청담,3.6,0.7
콘플러,150,제기동,3.1,2
콩나물해장국,18423,신길온천,0,0
콩당콩당,1640,산성,0,0.5
콩두,6454,성환,0,12345
콩설기,4076,신흥,0,0
쿄가와,80,대청,0,12345
쿠데타,217152,도봉,0,0
쿠마,23120,미아,0,0
쿠우쿠우,113994,마포구청,4.4,0.333333333
퀸앤퀸즈카페,None,구의,4.1,0.181818182
큐스시,1689,뚝섬,4.4,0
크라이치즈버거,14278,직산,0,12345
크래프트루,2726,종각,4.3,0.405405405
크래프트한스,17015,행당,0,0.5
크레마디몬타냐,1422,대야미,0,12345
크레이지카츠,3312,가능,0,1
크레페하우스,40,도화,0,0
크레플,207,공항시장,0,0
크로미,199,신정,0,1
크롬바커하우스,205,암사,0,0
크리에잇쿠키,7625,제물포,0,0
크림디저트샵,591,영등포시장,0,1.5
큰맘할매순대국,2432,청담,3.5,0.5
큰손닭한마리,614,길음,0,0
클로리스,21253,사당,4.5,0.321428571
키라메쿠텐동,212,내방,4,0.230769231
키쉬미뇽,5402,덕계,0,0
키오스크,12065,일원,0,0
키와마루아지,8451,군자,4.2,0.375
키친502,508,잠실새내,4,0.2
키친모짜렐라,822,신촌,4.5,0.390625
키친심플,153,군포,0,12345
킴스테이블,143,중계,0,4
킴홍베트남쌀국수,None,오산대,0,0
킹카롱,4017,수락산,0,0
킹콩커피,1904,건대입구,4.5,0.428571429
타르타르,102556,구의,3.4,0.25
타베루,794,방배,3.8,0.375
타이쇼,1687,공항시장,0,0.5
타이인플레이트,383,구로디지털단지,3.3,2.333333333
타코로코,1131,신방화,0,12345
타쿠,3713,선릉,4.4,0.3125
탄두르,427,반월,0,12345
탐라도야지,1705,봉천,4.1,0.3
탐앤탐스,147666,덕계,0,0
탑클라우드23,2307,산성,0,0
탑클라우드52,5221,송탄,0,0
태극당,33708,구로디지털단지,4.1,0
태기산더덕순대,68,당고개,0,12345
태릉솔밭갈비,9,의왕,0,0
태백국물닭갈비,662,가산디지털단지,3.7,1
태백막국수,52,금호,0,0
태복,258,오류동,0,0
태성식당,68,동두천중앙,0,1
태오커피,293,충무로,4,0.4
태조감자국,2270,충정로,3.2,6
탭퍼블릭,3299,수진,0,0
탭하우스,13798,세마,0,1
탭하우스더슈라인,48,한대앞,0,0
탱탱김치제육,None,잠원,3.3,0.8
터방내,1454,배방,0,12345
터치아프리카,754,온양온천,0,12345
털보고된이,1294,동작,3.8,0.4
털보네떡볶이,35,강동,0,12345
테라스,357898,명일,0,12345
테루,8576,사가정,0,12345
테리스버거앤베니에,235,석계,0,12345
테마라면,304,응암,0,12345
테이스팅룸,58974,대청,0,1
테일러커피,77945,일원,0,1
테판야끼다구오,8,하계,0,1
텍사스바베큐,3423,중곡,0,12345
텐동요츠야,4075,중화,0,1
텐진라멘,758,화랑대,0,1
토끼정,262333,증산,0,1
토다이,24066,중동,0,0
토담골순대,None,덕정,0,2
토도로끼,395,마들,0,12345
토레로,1604,제기동,0,0
토리마쯔리,363,광흥창,0,0
토리아에즈,1167,천안,3.8,0.571428571
토리자까나,4,석수,0,12345
토마토김밥,1947,애오개,0,0
토모니베이커리,202,상월곡,0,0
토박이샤브샤브,8,월곡,0,0
토상막회,762,마포,4.1,0
토시래,11264,새절,0,1
토오루,1745,답십리,0,0.333333333
통닭가,721,모란,0,0.5
통일부대찌개,139,서울,3.4,0.777777778
통큰갈비,3841,연신내,3.4,0.7
통큰포차,344,고덕,0,12345
통통이불족발,1308,합정,4.6,0.194444444
툇마루밥상,1595,마곡,3.6,0.5
투다리,37135,둔촌동,4.7,0.086956522
투떰즈업,1994,샛강,4.4,0.346153846
투뿔등심고담,480,아산,0,1
투셰링불곱창,11,두정,0,12345
투썸플레이스,530175,마천,0,0
트래블앤쿡,3264,서울,3.5,0.666666667
트렌치타운,642,역삼,4.6,0.294573643
트리플제이,1928,선바위,0,12345
티라노곱창,235,동작,4.1,0
티라펠리체,1650,노들,0,1
티아마트,34,염창,0,1
티앙팡오후의홍차,303,산본,4.2,0.25
티에리스,2905,광명,0,0
티투,3517,부개,3.9,0.222222222
티파니레스토랑,13,백석,3.4,1.333333333
파낙스,641,양천향교,0,1
파네트크루아상팩토리,3,구로,3.3,3
파니팡니,None,범계,4.2,0.111111111
파동추야,447,고려대,3.9,0.3
파란리본고양이,572,춘의,0,0
파르크,2707,구로,0,0
파르투내,263,서초,3.9,0.5
파리바게뜨,80025,신방화,0,12345
파리크라상,60668,동작,4.6,0.307692308
파린두스,363,군자,3.8,0.714285714
파스타노,714,사가정,0,1
파스타마켓,6220,미아,0,0
파스타카페가든,403,까치울,0,0
파오파오,4082,서대문,3.9,0.411764706
파워식당,33,용산,3.7,0.333333333
파전닭갈비,3599,영등포,3.8,0.711111111
파크루안,1537,오목교,4,0
파티세리김영모,119,둔촌동,3.5,0.5
파티세리도효,3482,강동구청,3.5,0.5
파티세리바이가루하루,447,신대방삼거리,0,0
파티세리소나,2200,백석,3.5,3
파티오,3776,고려대,3.9,0.266666667
파파라멘,368,주엽,0,12345
파파브레드,294,뚝섬,4.2,0.409090909
파파비,736,정발산,4.4,0
파파존스피자,3479,삼각지,3.8,0.4
파파호,1408,오산대,0,0
팔당닭발,10058,선바위,0,1
팔라쪼,1704,대청,3.6,0.4
팔삼,121,월곡,3.7,0.571428571
팔선,13434,동두천중앙,0,0
팔선생,8048,창동,4,0.142857143
팔칠닭강정,1004,서울,3.7,1
팔팔닭떡볶이,5196,부개,0,12345
팟알,3327,용답,0,0
팟타이,233493,마곡,0,0
팡도미,740,동두천중앙,0,0
팥이재,1790,상왕십리,0,0
패스트리부티크,4610,대청,0,1
패티앤빅왕돈가스,66,상월곡,0,1
팩피,1121,월곡,0,1
팬차이나,1227,신대방,4,0.333333333
퍼102,27,매봉,4.3,0.413043478
펀비어킹,3251,삼성,4.4,0.4
펀피쉬R,589,까치울,0,0
페넬로페,13389,신정,0,1
페니커피로스터스,1779,혜화,4.4,0.352941176
페르케노,1927,망원,4.3,0.333333333
페리카나,38663,도곡,4.1,0.631578947
페스틴,1457,소요산,0,0
페이브,10822,신대방삼거리,3.3,1.4
평남면옥,360,반월,0,12345
평농푸드,24,서정리,0,0
평안도족발집,1284,보문,4.1,0
평양냉면,215254,당정,0,0
평양면옥,30617,굽은다리,0,0
포냐향,1182,용산,3.3,1
포도식당,571,신중동,3.6,0.666666667
포메인,43806,문래,3.7,1
포베이,24910,안산,0,0
포보스,2072,건대입구,4.5,0.185185185
포브라더스,3667,경찰병원,0,0
포비,46895,관악,0,12345
포유티,177,남성,0,0
포지타노,93939,약수,3.3,3
포청천,2144,답십리,0,0
포크두개바베큐치킨,None,국회의사당,4.2,0.307692308
포탈라,1213,종각,4.3,0.285714286
폴바셋,308984,사가정,0,0
폴앤폴리나,9381,상도,3.2,1.4
표준커피,2192,진위,0,0
푸다기,787,부개,0,0
푸오꼬,109,을지로4가,0,12345
풍기역전앞부산식당,None,총신대입구,0,12345
풍년집정육식당,195,보산,0,0
퓨전선술집,1262,뚝섬유원지,3.6,1.142857143
프라브,888,녹사평,4.5,0.48
프라비다,935,의왕,0,2
프랑세즈,1602,영등포,4.1,0.4375
프랭크서울,2310,신풍,0,0
프로마치,1404,신풍,0,1
프로퍼커피바,13226,강동구청,4.4,0.333333333
프론토,8814,몽촌토성,4.1,0.166666667
프롬더빈,249,마곡,0,1
프롬더어스,667,연신내,3.9,0.2
프롬하노이,2478,금정,0,0
프리가프리미엄,252,까치산,0,0.333333333
프리모바치오바치,29175,산본,3.4,0.5
프릳츠커피컴퍼니,34355,개롱,0,2
프언타이,407,중동,0,1
플라워,1007511,독바위,0,0
플랑플랑,2705,오금,0,0
플랜트,17985,신목동,0,0
플레이버,5452,도화,0,12345
플레이스205,195,당정,0,0.25
플레이와타나베식당,53,원흥,0,3
플로라,16095,광나루,3.9,0
플루토,10099,동인천,0,12345
피그인더가든,4220,화서,0,7
피사레스토랑,15,신중동,4.2,0.166666667
피쉬앤그릴,8911,신대방삼거리,0,0
피아띠스파게티전문점,None,수진,0,0
피앤피키친,262,숭실대입구,3.4,0.1
피에,5698,명학,0,2
피에로커피,1869,동작,4.1,0.333333333
피자가기가막혀,338,용마산,0,12345
피자르방,10,당정,0,0
피자리또,5,을지로3가,4.5,0.37037037
피자리아150길,253,성환,0,12345
피자몰,35769,신용산,3.6,0.333333333
피자보이시나,667,서정리,0,0
피자스쿨,38565,상왕십리,0,12345
피자정,107,증미,3.8,0.428571429
피자컴퍼니,2872,영등포구청,4.3,0.25
피자필,480,삼성,4.3,0.426229508
피터패트,5962,신도림,4.1,0.578947368
핀스카이,1368,동대문,3.9,0.166666667
필동면옥,15419,녹사평,4.4,0.193548387
필디스모먼트,870,대방,0,0
필립앤노아,2863,창신,0,0
핏제리아다루카,291,녹양,0,12345
핏짜굽는언니,1987,마천,0,12345
핑거팁스,4855,안양,3,2
핑하오,334,정부과천청사,3.3,0.727272727
하겐다즈,106099,구산,0,0
하나둘둘셋,345,반포,4.3,0.090909091
하나로황제짜장,None,모란,0,0
하나모코시,533,고려대,4.2,0.384615385
하나샤부정,195,상동,0,0
하나샤브샤브,746,김포공항,3.3,1
하나야,2185,보라매,3,2
하남돼지집,91703,연신내,4,0.3125
하노이102,2231,신용산,3.7,0.285714286
하노이별,5932,문정,3.5,0.4
하누소,1961,인덕원,3,0.133333333
하누에뜰,260,종합운동장,4.3,0.066666667
하늘자전거,2897,개화산,0,12345
하니앤손스,2952,부평,4.1,0.333333333
하단,286827,수진,0,0
하동관,22497,평촌,3.6,1.333333333
하람김밥,26,수유,0,5
하레,6323,덕계,0,0
하루국수,210,양평,0,0.5
하루동,2695,화정,2.6,2
하루애,1844,병점,0,0
하시엔다,3569,방이,3.9,0.157894737
하오란짬뽕,1,삼성,4.3,0.333333333
하오밍,43,부천,4.7,0.253731343
하오찬,35,역곡,4.7,0.103448276
하와이식당,2028,종로3가,4.5,0.333333333
하이가쯔,224,산본,3.4,1.5
하이드미플리즈,2119,회현,4.1,0.352941176
하이디하우스,1024,합정,4.6,0.214953271
하쯔호,1152,주안,0,1
하카다분코,4914,제물포,0,0
하트카페,553,당산,3.7,0.6
하트타임,1450,양재,4.2,0
하프파스트텐,24,방배,3.9,0.8
하하,269790,역삼,4.5,0.342105263
하하호호족발,3,화정,3.9,0.333333333
학교앞떡볶이,1732,응암,0,3
학술적연구소,983,잠실새내,3.9,0.722222222
학화할머니호두과자,594,역삼,4.4,0.543478261
한가네불고기,104,신논현,4.3,0.728571429
한강손칼국수,1,삼성,4.4,0.411764706
한강집,81,봉은사,4.4,0.411764706
한국수,1032,압구정,4.3,0.25
한국집식당,264,미아사거리,0,2
한끼맛있다,30902,망원,4.6,0.189189189
한나식빵,1523,성균관대,3.8,0.5
한남일류초밥,269,신대방삼거리,0,0
한도올,169,까치울,0,0
한락원,70,부평구청,0,0
한림돈가,1402,창동,0,0
한명숙피자치킨,24,오산,0,0.166666667
한방왕족발보쌈,17,가락시장,3.5,1
한상차림밥상,118,잠원,4,0.2
한성돈까스,6692,상동,3.2,0.666666667
한성옥,465,신방화,0,0
한수치킨,33,양재,3.8,0.4
한스,16358,용답,3,6
한스델리,21344,신촌,4.6,0.240506329
한스참숯불닭갈비,3,용답,0,0
한스케익,16592,신중동,4,0.277777778
한신포차,246850,교대,4.2,0.366666667
한아람정육식당,49,온수,0,12345
한앤둘,551,공덕,3.8,0.538461538
한양촌,25,봉은사,4.3,0
한옥집,21721,동대입구,4.1,0.714285714
한우고향,123,천왕,0,0
한우리,13434,미아,0,0
한우리농장,153,월드컵경기장,3.9,0.166666667
한우마을,7115,화서,0,0
한우정곰탕,27,애오개,0,0.25
한우통,482,돌곶이,0,0.5
한우평,34,금호,0,0
한일칼국수,131,성신여대입구,4.6,0.355555556
한잔,495011,성신여대입구,4.2,0.166666667
한짬뽕,731,한강진,4.6,0.208333333
한참치,3009,상도,0,0
한촌설렁탕,5448,흑석,4.3,0.344827586
할리비어,2614,정발산,4.2,0.25
할리스커피,109446,노원,4,0.1875
할매냉면,721,금정,0,0.5
할매닭한마리,573,아현,0,0
할매집순대국,5,불광,0,0.25
할머니냉면집,33,상일동,0,0
할머니의레시피,8791,명일,4,0.333333333
할머니포장마차멸치국수,675,삼성,4.3,0.695652174
할범탕수육,622,봉은사,4.3,0.695652174
함경도찹쌀순대,1460,홍대입구,4.6,0.202614379
함경면옥,1822,홍대입구,4.6,0.255319149
함지가든,None,홍대입구,4.6,0.162162162
함흥냉면명가신면옥,1,반포,3.9,0.25
함흥본가,653,보산,0,0
핫피자,642,서울대입구,4.6,0.266666667
항구도시연구소,1037,영등포구청,4,0.176470588
항방양육관,1814,부천시청,3.4,0.5
항아리보쌈,17258,하계,0,1
항우포차,240,신목동,3.3,1.571428571
해랑스시,474,미아사거리,3.3,2
해룡마라룽샤,1486,온수,0,12345
해림식당,14,잠실나루,3.4,1
해물명가,520,중앙,0,0.666666667
해물이네,145,송내,3.4,1.5
해물천하조개구이,630,약수,3.6,2
해물촌조개구이,4,봉화산,0,1
해안반점,54,부천종합운동장,0,12345
해운대복집,49,숭실대입구,3.6,0.454545455
해피데이,42980,석수,0,1
행당개인카페,179,상왕십리,0,0
행복찹쌀떡,512,신길,0,0
행복추풍령감자탕묵은지,5,마두,0,0
행복한밀가루,None,남구로,0,12345
행화탕,3197,외대앞,3.9,0.8
향미촌,8,신촌,4.5,0.279069767
허니돈,2248,백운,0,12345
허니힐베이커리,4,범계,3.6,0.416666667
허브족발,4278,문정,3.6,0.538461538
허수아비,23127,효창공원앞,0,0
허수아비돈까스,1180,금호,3.6,0.666666667
허심탄회,1335,삼성,4.4,0.333333333
헌치브라운,853,망월사,0,0
헤르만쿠키,768,신반포,2.8,1.5
헤븐온탑,13268,쌍용,0,0
헤이미,4242,이태원,4.5,0.217391304
헬무트,608,대화,0,0.5
현가네코다리,5,가능,0,0
현대갈비,210,범계,3.9,0.5
현대본가,123,방화,0,0
현선이네,9447,이대,4.6,0.316666667
현이네초밥가게,117,사당,4.6,0.287878788
형제닭집,26,과천,0,12345
형제상회,6658,마두,0,0
형제육회,5856,샛강,4.1,0.5
형제해장,45,광화문,4.5,0.086956522
혜민당,4310,경복궁,4.5,0.086956522
혜성칼국수,1044,온수,0,12345
호감,8178,숭실대입구,4.1,0.166666667
호경전,1755,우장산,0,0.25
호남손팥칼국수,31,한강진,4.4,0.388059701
호담,129,동대문역사문화공원,3.7,0.6
호로록커피,141,증산,0,1
호머,5808,올림픽공원,3.4,1.166666667
호미불닭발,7575,방학,0,0.5
호미빙,47813,충무로,4,0.5
호박,108917,충무로,3.8,0.272727273
호반,9628,오류동,0,0
호수삼계탕,10775,잠실새내,4.6,0.255102041
호수식당,1268,잠실새내,4,0.333333333
호식이두마리치킨,30007,도림천,0,12345
호아빈오리진,179,신풍,0,0.666666667
호연,2703,동작,0,0
호우스시,420,대치,4.2,0
호치킨,27627,잠실,4.6,0.212121212
호타루,7853,석촌,4.3,0.459459459
호텔고기뷔페,3,역삼,4.6,0.235294118
호호식당,18044,신정,4.3,0
홀리커피,238,구로,0,0
홈스테이크,6523,사가정,3.6,1.666666667
홈앤브레드,1051,아현,0,0
홍가네가든,12,개봉,0,0.333333333
홍굴이해물짬뽕,429,독립문,0,0
홍능갈비,533,청담,4.2,0.470588235
홍대돈부리,37325,강남구청,4,0
홍대오빠곱창,274,잠실,4.2,0.5
홍두깨칼국수,6993,신설동,3.3,1.5
홍두병,7232,동대입구,4.4,0.166666667
홍명,1727,강동구청,3.4,0.5
홍복루,6,오류동,3.8,1
홍삼오리회전구이,None,천안,3.4,0.5
홍샤오,279,인천,3.7,0.777777778
홍수계안동찜닭,229,안산,0,0
홍스쭈꾸미,6696,망월사,3.8,2
홍운각,192,샛강,4.3,0.153846154
홍익돈까스,63684,동대입구,4.5,0.259259259
홍종흔베이커리,7846,돌곶이,3.3,1
홍중샤브뷔페,204,뚝섬,4.4,0.083333333
홍짜장,7867,사평,3.1,8
홍천산마치고개닭갈비,1,답십리,0,0
홍화불닭,143,남한산성입구,0,12345
화개장터,24043,아산,0,2
화덕과베토벤,782,수유,3.8,0.2
화로구이,46177,사당,4.3,0.351351351
화로상회,2258,상동,4,0.2
화룽마라룽샤,1942,신방화,0,12345
화성성만무한리필민물장어,None,청담,4.1,0
화수분베이커리,493,내방,4.1,0.523809524
화음정,34,동두천중앙,0,0
화이브앤투버거저니,231,지제,0,12345
화정족발,2530,동대입구,4.6,0.173913043
화진정,40,제기동,3.9,0.333333333
화진포막국수,508,오류동,3.8,0.666666667
화통소금구이,442,동대문역사문화공원,3.9,0.394736842
화평동왕냉면,486,회룡,3.7,0.285714286
화포식당,16157,의정부,3.7,0.285714286
화호이하롱관,134,한대앞,0,0.333333333
황귀닭곰탕마장,None,압구정,4.4,0.352941176
황금게장,370,동묘앞,0,3
황금똥빵,1569,수서,3.1,1
황금손가락초밥,435,무악재,0,3
황금오리농장,753,석계,0,3
황금참치,695,가산디지털단지,2.9,3
황금콩밭,578,매봉,4.2,0.791666667
황박사소갈비,10,광화문,4.5,0.318181818
황산샤브샤브,435,합정,4.6,0.3125
황소곱창구이,1307,방이,4.1,0.125
황인호의원당수제고로케,123,한대앞,0,0.5
황재벌,1823,반월,0,2
황제갈비,765,오산,0,0
황후,2324,종로3가,4.5,0.277777778
효자네,1057,김포공항,3.2,0.6
효자동목고기,721,청담,3.6,0
효재네맛집,7,광화문,4.8,0.071428571
후디구디,2480,경복궁,4.8,0.071428571
후쿠스시,2519,여의도,4.6,0.254901961
후쿠야,731,태릉입구,0,0
후쿠오카모츠나베,9691,화랑대,0,0
후쿠오카함바그,78687,낙성대,4.1,0
후후스시,226,오목교,4.6,0.166666667
훈커피,248,풍기,0,12345
훔친장어,179,장승배기,3.4,0.666666667
훠궈야,5426,합정,4.6,0
휘모리,1228,마천,0,12345
휘스커,2560,인덕원,3.4,2.5
휘스펍,421,흑석,4.6,0.162162162
흥미면옥,299,경찰병원,0,12345
희래등,1625,마곡나루,0,0
희정식당,1800,회룡,0,12345
히노야마,340,안암,4.4,0.184615385
히데미,196,방이,3.7,1.125
히든트랙,2184,홍제,0,0.666666667
히마와리,2037,오금,3,4
히말라얀레스토랑,29,정부과천청사,4.1,0.25
히어로멘,417,망원,4.3,0.083333333
히토리,3218,김포공항,2.8,9
힐사이드테이블,2712,명동,3.6,0.777777778
